month,town,resale_price
2017-01,SEMBAWANG,363000
2017-01,YISHUN,378000
2017-01,YISHUN,400000
2017-01,YISHUN,410000
2017-01,YISHUN,416000
2017-02,SEMBAWANG,366000
2017-02,SEMBAWANG,390000
2017-02,YISHUN,343000
2017-02,YISHUN,400000
2017-02,YISHUN,403000
2017-02,YISHUN,405000
2017-02,YISHUN,408000
2017-02,YISHUN,460000
2017-02,YISHUN,462500
2017-03,SEMBAWANG,360000
2017-03,SEMBAWANG,365000
2017-03,SEMBAWANG,370888
2017-03,SEMBAWANG,378000
2017-03,WOODLANDS,388000
2017-03,WOODLANDS,420000
2017-03,WOODLANDS,440000
2017-03,YISHUN,381888
2017-03,YISHUN,387888
2017-03,YISHUN,388000
2017-03,YISHUN,390000
2017-03,YISHUN,391888
2017-03,YISHUN,403000
2017-03,YISHUN,405000
2017-03,YISHUN,405000
2017-03,YISHUN,410000
2017-03,YISHUN,410000
2017-03,YISHUN,412000
2017-03,YISHUN,418000
2017-03,YISHUN,418000
2017-03,YISHUN,430000
2017-04,SEMBAWANG,340000
2017-04,SEMBAWANG,342000
2017-04,WOODLANDS,370000
2017-04,WOODLANDS,380000
2017-04,WOODLANDS,386000
2017-04,YISHUN,350000
2017-04,YISHUN,355000
2017-04,YISHUN,365000
2017-04,YISHUN,375000
2017-04,YISHUN,390000
2017-04,YISHUN,395888
2017-04,YISHUN,410000
2017-04,YISHUN,410888
2017-04,YISHUN,420000
2017-04,YISHUN,420000
2017-04,YISHUN,427000
2017-04,YISHUN,440000
2017-05,SEMBAWANG,340000
2017-05,SEMBAWANG,340000
2017-05,SEMBAWANG,362000
2017-05,SEMBAWANG,365000
2017-05,WOODLANDS,366000
2017-05,WOODLANDS,396000
2017-05,WOODLANDS,410000
2017-05,WOODLANDS,435000
2017-05,YISHUN,365000
2017-05,YISHUN,380000
2017-05,YISHUN,380000
2017-05,YISHUN,382000
2017-05,YISHUN,385000
2017-05,YISHUN,385000
2017-05,YISHUN,398000
2017-05,YISHUN,403000
2017-06,SEMBAWANG,390000
2017-06,WOODLANDS,330000
2017-06,WOODLANDS,387000
2017-06,WOODLANDS,395000
2017-06,WOODLANDS,405000
2017-06,WOODLANDS,405000
2017-06,WOODLANDS,410000
2017-06,YISHUN,360000
2017-06,YISHUN,373000
2017-06,YISHUN,373000
2017-06,YISHUN,395000
2017-06,YISHUN,400000
2017-06,YISHUN,408000
2017-06,YISHUN,420000
2017-06,YISHUN,430000
2017-06,YISHUN,430000
2017-06,YISHUN,435000
2017-06,YISHUN,460000
2017-07,SEMBAWANG,362000
2017-07,SEMBAWANG,380000
2017-07,WOODLANDS,400000
2017-07,WOODLANDS,430000
2017-07,YISHUN,353000
2017-07,YISHUN,380000
2017-07,YISHUN,386000
2017-07,YISHUN,398000
2017-07,YISHUN,405000
2017-07,YISHUN,408000
2017-07,YISHUN,409000
2017-07,YISHUN,410000
2017-07,YISHUN,410000
2017-07,YISHUN,416000
2017-07,YISHUN,417000
2017-07,YISHUN,420000
2017-07,YISHUN,420000
2017-07,YISHUN,428000
2017-07,YISHUN,448888
2017-08,SEMBAWANG,340000
2017-08,WOODLANDS,368000
2017-08,WOODLANDS,370000
2017-08,WOODLANDS,380000
2017-08,WOODLANDS,395000
2017-08,WOODLANDS,402000
2017-08,WOODLANDS,405000
2017-08,WOODLANDS,405000
2017-08,WOODLANDS,420888
2017-08,YISHUN,363000
2017-08,YISHUN,375000
2017-08,YISHUN,376000
2017-08,YISHUN,385000
2017-08,YISHUN,395000
2017-08,YISHUN,400000
2017-08,YISHUN,405000
2017-08,YISHUN,415000
2017-08,YISHUN,415000
2017-09,SEMBAWANG,368000
2017-09,WOODLANDS,380000
2017-09,WOODLANDS,390000
2017-09,WOODLANDS,400000
2017-09,YISHUN,358000
2017-09,YISHUN,368000
2017-09,YISHUN,368000
2017-09,YISHUN,372000
2017-09,YISHUN,375000
2017-09,YISHUN,382000
2017-09,YISHUN,390000
2017-09,YISHUN,395000
2017-09,YISHUN,395000
2017-09,YISHUN,405888
2017-09,YISHUN,412000
2017-09,YISHUN,425000
2017-09,YISHUN,435000
2017-10,WOODLANDS,325000
2017-10,WOODLANDS,362000
2017-10,WOODLANDS,365000
2017-10,WOODLANDS,380000
2017-10,WOODLANDS,385000
2017-10,WOODLANDS,399000
2017-10,WOODLANDS,410000
2017-10,YISHUN,378000
2017-10,YISHUN,380000
2017-10,YISHUN,390000
2017-10,YISHUN,400000
2017-10,YISHUN,408000
2017-10,YISHUN,413000
2017-10,YISHUN,418000
2017-10,YISHUN,453000
2017-11,SEMBAWANG,353000
2017-11,WOODLANDS,382000
2017-11,WOODLANDS,383000
2017-11,WOODLANDS,410000
2017-11,WOODLANDS,420000
2017-11,WOODLANDS,430000
2017-11,YISHUN,355000
2017-11,YISHUN,358000
2017-11,YISHUN,365000
2017-11,YISHUN,375888
2017-11,YISHUN,398000
2017-11,YISHUN,400000
2017-11,YISHUN,406000
2017-11,YISHUN,408000
2017-11,YISHUN,408000
2017-11,YISHUN,428000
2017-11,YISHUN,430000
2017-11,YISHUN,435000
2017-11,YISHUN,450000
2017-12,SEMBAWANG,350000
2017-12,SEMBAWANG,350000
2017-12,SEMBAWANG,290000
2017-12,WOODLANDS,375000
2017-12,WOODLANDS,417000
2017-12,WOODLANDS,415000
2017-12,YISHUN,408000
2017-12,YISHUN,370000
2017-12,YISHUN,460000
2017-12,YISHUN,360000
2017-12,YISHUN,369000
2017-12,YISHUN,374000
2017-12,YISHUN,410000
2017-12,YISHUN,388000
2018-01,SEMBAWANG,353000
2018-01,WOODLANDS,385000
2018-01,WOODLANDS,410000
2018-01,WOODLANDS,412888
2018-01,YISHUN,340000
2018-01,YISHUN,360000
2018-01,YISHUN,368000
2018-01,YISHUN,380000
2018-01,YISHUN,385000
2018-02,SEMBAWANG,370000
2018-02,WOODLANDS,375000
2018-02,WOODLANDS,392000
2018-02,WOODLANDS,399000
2018-02,WOODLANDS,408000
2018-02,WOODLANDS,413000
2018-02,WOODLANDS,428000
2018-02,YISHUN,321888
2018-02,YISHUN,350000
2018-02,YISHUN,350000
2018-02,YISHUN,370000
2018-02,YISHUN,375000
2018-02,YISHUN,385000
2018-02,YISHUN,393000
2018-02,YISHUN,409888
2018-03,SEMBAWANG,335000
2018-03,SEMBAWANG,350000
2018-03,SEMBAWANG,370000
2018-03,WOODLANDS,340000
2018-03,WOODLANDS,348000
2018-03,WOODLANDS,354888
2018-03,WOODLANDS,400000
2018-03,WOODLANDS,405000
2018-03,YISHUN,303000
2018-03,YISHUN,350000
2018-03,YISHUN,350000
2018-03,YISHUN,355000
2018-03,YISHUN,355000
2018-03,YISHUN,363000
2018-03,YISHUN,368000
2018-03,YISHUN,375000
2018-03,YISHUN,378000
2018-03,YISHUN,403000
2018-03,YISHUN,408000
2018-04,SEMBAWANG,320000
2018-04,SEMBAWANG,338888
2018-04,WOODLANDS,370000
2018-04,WOODLANDS,390000
2018-04,WOODLANDS,390000
2018-04,WOODLANDS,430000
2018-04,YISHUN,350000
2018-04,YISHUN,358000
2018-04,YISHUN,361000
2018-04,YISHUN,368000
2018-04,YISHUN,370000
2018-04,YISHUN,370000
2018-04,YISHUN,370000
2018-04,YISHUN,373000
2018-04,YISHUN,375000
2018-04,YISHUN,375000
2018-04,YISHUN,405000
2018-04,YISHUN,412000
2018-04,YISHUN,418000
2018-04,YISHUN,445000
2018-05,SEMBAWANG,340000
2018-05,SEMBAWANG,348000
2018-05,SEMBAWANG,355000
2018-05,WOODLANDS,355000
2018-05,WOODLANDS,355000
2018-05,WOODLANDS,378000
2018-05,WOODLANDS,390000
2018-05,WOODLANDS,405000
2018-05,WOODLANDS,408000
2018-05,WOODLANDS,410000
2018-05,WOODLANDS,412000
2018-05,WOODLANDS,425000
2018-05,YISHUN,360000
2018-05,YISHUN,365000
2018-05,YISHUN,365000
2018-05,YISHUN,373000
2018-05,YISHUN,378000
2018-05,YISHUN,400000
2018-05,YISHUN,405000
2018-05,YISHUN,410000
2018-05,YISHUN,418000
2018-05,YISHUN,425888
2018-06,SEMBAWANG,315000
2018-06,WOODLANDS,368000
2018-06,WOODLANDS,375000
2018-06,WOODLANDS,375000
2018-06,WOODLANDS,380888
2018-06,WOODLANDS,385000
2018-06,WOODLANDS,390000
2018-06,WOODLANDS,399888
2018-06,WOODLANDS,400000
2018-06,WOODLANDS,410000
2018-06,WOODLANDS,417000
2018-06,WOODLANDS,419000
2018-06,YISHUN,340000
2018-06,YISHUN,358000
2018-06,YISHUN,380000
2018-06,YISHUN,390000
2018-06,YISHUN,400000
2018-06,YISHUN,405000
2018-06,YISHUN,408000
2018-06,YISHUN,412888
2018-06,YISHUN,413000
2018-06,YISHUN,415000
2018-06,YISHUN,415000
2018-07,SEMBAWANG,323000
2018-07,SEMBAWANG,335000
2018-07,WOODLANDS,345000
2018-07,WOODLANDS,355000
2018-07,WOODLANDS,370000
2018-07,WOODLANDS,380000
2018-07,WOODLANDS,380000
2018-07,WOODLANDS,390000
2018-07,WOODLANDS,390000
2018-07,WOODLANDS,390000
2018-07,WOODLANDS,390000
2018-07,WOODLANDS,405000
2018-07,WOODLANDS,406000
2018-07,WOODLANDS,406888
2018-07,WOODLANDS,409000
2018-07,WOODLANDS,418888
2018-07,WOODLANDS,425000
2018-07,WOODLANDS,435555
2018-07,WOODLANDS,438888
2018-07,WOODLANDS,440000
2018-07,YISHUN,325000
2018-07,YISHUN,330000
2018-07,YISHUN,340000
2018-07,YISHUN,360000
2018-07,YISHUN,368000
2018-07,YISHUN,370000
2018-07,YISHUN,370000
2018-07,YISHUN,380000
2018-07,YISHUN,388000
2018-07,YISHUN,390000
2018-07,YISHUN,390000
2018-07,YISHUN,391888
2018-07,YISHUN,393000
2018-07,YISHUN,395000
2018-07,YISHUN,400000
2018-07,YISHUN,410000
2018-07,YISHUN,440000
2018-08,SEMBAWANG,335000
2018-08,WOODLANDS,345000
2018-08,WOODLANDS,378888
2018-08,WOODLANDS,395000
2018-08,WOODLANDS,400000
2018-08,WOODLANDS,410000
2018-08,WOODLANDS,410000
2018-08,WOODLANDS,420000
2018-08,WOODLANDS,420000
2018-08,WOODLANDS,428000
2018-08,WOODLANDS,435000
2018-08,WOODLANDS,442000
2018-08,WOODLANDS,450000
2018-08,WOODLANDS,470000
2018-08,YISHUN,370000
2018-08,YISHUN,375000
2018-08,YISHUN,375000
2018-08,YISHUN,378000
2018-08,YISHUN,380000
2018-08,YISHUN,380000
2018-08,YISHUN,385000
2018-08,YISHUN,386000
2018-08,YISHUN,390000
2018-08,YISHUN,390000
2018-08,YISHUN,390000
2018-08,YISHUN,392888
2018-08,YISHUN,400000
2018-08,YISHUN,400000
2018-08,YISHUN,405000
2018-08,YISHUN,418000
2018-08,YISHUN,430000
2018-09,SEMBAWANG,323000
2018-09,WOODLANDS,350000
2018-09,WOODLANDS,406888
2018-09,WOODLANDS,408888
2018-09,WOODLANDS,420000
2018-09,WOODLANDS,420000
2018-09,WOODLANDS,422000
2018-09,WOODLANDS,423000
2018-09,YISHUN,320000
2018-09,YISHUN,340000
2018-09,YISHUN,355000
2018-09,YISHUN,365000
2018-09,YISHUN,367000
2018-09,YISHUN,370000
2018-09,YISHUN,375000
2018-09,YISHUN,375000
2018-09,YISHUN,380000
2018-09,YISHUN,395000
2018-09,YISHUN,400000
2018-09,YISHUN,400000
2018-09,YISHUN,405000
2018-09,YISHUN,440000
2018-09,YISHUN,450000
2018-10,SEMBAWANG,359888
2018-10,SEMBAWANG,375000
2018-10,WOODLANDS,392000
2018-10,WOODLANDS,409000
2018-10,WOODLANDS,410000
2018-10,WOODLANDS,420000
2018-10,WOODLANDS,420000
2018-10,WOODLANDS,425000
2018-10,WOODLANDS,438000
2018-10,WOODLANDS,445000
2018-10,YISHUN,325000
2018-10,YISHUN,350000
2018-10,YISHUN,365000
2018-10,YISHUN,368000
2018-10,YISHUN,368000
2018-10,YISHUN,383000
2018-10,YISHUN,385000
2018-10,YISHUN,390000
2018-10,YISHUN,400000
2018-10,YISHUN,402888
2018-10,YISHUN,410000
2018-10,YISHUN,415000
2018-10,YISHUN,423888
2018-10,YISHUN,425000
2018-10,YISHUN,428888
2018-10,YISHUN,449000
2018-11,SEMBAWANG,343000
2018-11,SEMBAWANG,353000
2018-11,SEMBAWANG,358000
2018-11,SEMBAWANG,370000
2018-11,WOODLANDS,355000
2018-11,WOODLANDS,405000
2018-11,WOODLANDS,420000
2018-11,WOODLANDS,420000
2018-11,WOODLANDS,430000
2018-11,WOODLANDS,438000
2018-11,WOODLANDS,438000
2018-11,WOODLANDS,450000
2018-11,YISHUN,338000
2018-11,YISHUN,348000
2018-11,YISHUN,366000
2018-11,YISHUN,370000
2018-11,YISHUN,375000
2018-11,YISHUN,380000
2018-11,YISHUN,385000
2018-11,YISHUN,385000
2018-11,YISHUN,390000
2018-11,YISHUN,400000
2018-11,YISHUN,400000
2018-11,YISHUN,402000
2018-12,SEMBAWANG,357000
2018-12,SEMBAWANG,335000
2018-12,SEMBAWANG,368000
2018-12,SEMBAWANG,365000
2018-12,SEMBAWANG,365000
2018-12,WOODLANDS,365000
2018-12,WOODLANDS,412000
2018-12,WOODLANDS,345000
2018-12,WOODLANDS,360000
2018-12,WOODLANDS,370000
2018-12,WOODLANDS,396500
2018-12,WOODLANDS,425000
2018-12,WOODLANDS,435000
2018-12,WOODLANDS,411000
2018-12,WOODLANDS,375000
2018-12,YISHUN,600000
2018-12,YISHUN,609888
2018-12,YISHUN,368000
2018-12,YISHUN,360000
2018-12,YISHUN,530000
2018-12,YISHUN,413000
2018-12,YISHUN,351800
2018-12,YISHUN,358000
2018-12,YISHUN,405000
2018-12,YISHUN,365000
2018-12,YISHUN,335000
2018-12,YISHUN,385000
2019-01,SEMBAWANG,330000
2019-01,SEMBAWANG,338000
2019-01,SEMBAWANG,342000
2019-01,SEMBAWANG,343000
2019-01,SEMBAWANG,355000
2019-01,SEMBAWANG,378000
2019-01,WOODLANDS,335000
2019-01,WOODLANDS,390000
2019-01,WOODLANDS,400000
2019-01,WOODLANDS,405000
2019-01,WOODLANDS,407000
2019-01,WOODLANDS,442000
2019-01,WOODLANDS,465000
2019-01,YISHUN,350000
2019-01,YISHUN,350000
2019-01,YISHUN,365000
2019-01,YISHUN,380000
2019-01,YISHUN,385000
2019-01,YISHUN,388000
2019-01,YISHUN,390000
2019-01,YISHUN,398000
2019-01,YISHUN,398000
2019-01,YISHUN,400888
2019-01,YISHUN,403000
2019-01,YISHUN,405000
2019-01,YISHUN,555000
2019-01,YISHUN,582500
2019-01,YISHUN,585000
2019-01,YISHUN,610000
2019-02,SEMBAWANG,356000
2019-02,SEMBAWANG,368000
2019-02,SEMBAWANG,370000
2019-02,SEMBAWANG,403888
2019-02,SEMBAWANG,408000
2019-02,WOODLANDS,355000
2019-02,WOODLANDS,365000
2019-02,WOODLANDS,390000
2019-02,WOODLANDS,390888
2019-02,WOODLANDS,395000
2019-02,WOODLANDS,400000
2019-02,WOODLANDS,400888
2019-02,WOODLANDS,412000
2019-02,WOODLANDS,435000
2019-02,YISHUN,375000
2019-02,YISHUN,383000
2019-02,YISHUN,386000
2019-02,YISHUN,388000
2019-02,YISHUN,388000
2019-02,YISHUN,410000
2019-02,YISHUN,415000
2019-02,YISHUN,550000
2019-02,YISHUN,618000
2019-02,YISHUN,620000
2019-02,YISHUN,620000
2019-03,SEMBAWANG,335000
2019-03,SEMBAWANG,335000
2019-03,SEMBAWANG,340000
2019-03,SEMBAWANG,360000
2019-03,SEMBAWANG,360000
2019-03,SEMBAWANG,375000
2019-03,SEMBAWANG,390000
2019-03,SEMBAWANG,393188
2019-03,WOODLANDS,360000
2019-03,WOODLANDS,375000
2019-03,WOODLANDS,383000
2019-03,WOODLANDS,385000
2019-03,WOODLANDS,400000
2019-03,WOODLANDS,400000
2019-03,WOODLANDS,405000
2019-03,WOODLANDS,410000
2019-03,WOODLANDS,410000
2019-03,WOODLANDS,412000
2019-03,WOODLANDS,425000
2019-03,WOODLANDS,429000
2019-03,WOODLANDS,458888
2019-03,YISHUN,360000
2019-03,YISHUN,375000
2019-03,YISHUN,380000
2019-03,YISHUN,383000
2019-03,YISHUN,385000
2019-03,YISHUN,385000
2019-03,YISHUN,390000
2019-03,YISHUN,390000
2019-03,YISHUN,395000
2019-03,YISHUN,398000
2019-03,YISHUN,398000
2019-03,YISHUN,410000
2019-03,YISHUN,538000
2019-03,YISHUN,565000
2019-03,YISHUN,585000
2019-03,YISHUN,600000
2019-03,YISHUN,600000
2019-03,YISHUN,615000
2019-04,SEMBAWANG,345000
2019-04,SEMBAWANG,350000
2019-04,SEMBAWANG,355000
2019-04,SEMBAWANG,355000
2019-04,SEMBAWANG,370000
2019-04,SEMBAWANG,403888
2019-04,WOODLANDS,345000
2019-04,WOODLANDS,368000
2019-04,WOODLANDS,368000
2019-04,WOODLANDS,368888
2019-04,WOODLANDS,370000
2019-04,WOODLANDS,378000
2019-04,WOODLANDS,378000
2019-04,WOODLANDS,400000
2019-04,WOODLANDS,413000
2019-04,WOODLANDS,415000
2019-04,WOODLANDS,415000
2019-04,WOODLANDS,420000
2019-04,WOODLANDS,422000
2019-04,WOODLANDS,424000
2019-04,WOODLANDS,425000
2019-04,WOODLANDS,458000
2019-04,YISHUN,358000
2019-04,YISHUN,365000
2019-04,YISHUN,370000
2019-04,YISHUN,375000
2019-04,YISHUN,380000
2019-04,YISHUN,385000
2019-04,YISHUN,385000
2019-04,YISHUN,387500
2019-04,YISHUN,390000
2019-04,YISHUN,395000
2019-04,YISHUN,400000
2019-04,YISHUN,400000
2019-04,YISHUN,402000
2019-04,YISHUN,405000
2019-04,YISHUN,405000
2019-04,YISHUN,405000
2019-04,YISHUN,415000
2019-04,YISHUN,418000
2019-04,YISHUN,420000
2019-04,YISHUN,420000
2019-04,YISHUN,421888
2019-04,YISHUN,423000
2019-04,YISHUN,431000
2019-04,YISHUN,440000
2019-04,YISHUN,445000
2019-04,YISHUN,590000
2019-04,YISHUN,598000
2019-04,YISHUN,600000
2019-04,YISHUN,610000
2019-05,SEMBAWANG,322000
2019-05,SEMBAWANG,330000
2019-05,SEMBAWANG,340000
2019-05,SEMBAWANG,358000
2019-05,SEMBAWANG,368000
2019-05,SEMBAWANG,375000
2019-05,SEMBAWANG,380000
2019-05,SEMBAWANG,395000
2019-05,SEMBAWANG,406000
2019-05,SEMBAWANG,415000
2019-05,WOODLANDS,350000
2019-05,WOODLANDS,359900
2019-05,WOODLANDS,360000
2019-05,WOODLANDS,360000
2019-05,WOODLANDS,368000
2019-05,WOODLANDS,375000
2019-05,WOODLANDS,380000
2019-05,WOODLANDS,380000
2019-05,WOODLANDS,380000
2019-05,WOODLANDS,388000
2019-05,WOODLANDS,388888
2019-05,WOODLANDS,394000
2019-05,WOODLANDS,400000
2019-05,WOODLANDS,400000
2019-05,WOODLANDS,402000
2019-05,WOODLANDS,405000
2019-05,WOODLANDS,405000
2019-05,WOODLANDS,418000
2019-05,YISHUN,335000
2019-05,YISHUN,360000
2019-05,YISHUN,368000
2019-05,YISHUN,370000
2019-05,YISHUN,378000
2019-05,YISHUN,380000
2019-05,YISHUN,380000
2019-05,YISHUN,380000
2019-05,YISHUN,383000
2019-05,YISHUN,398000
2019-05,YISHUN,400000
2019-05,YISHUN,400000
2019-05,YISHUN,405000
2019-05,YISHUN,405000
2019-05,YISHUN,408000
2019-05,YISHUN,416000
2019-05,YISHUN,419888
2019-05,YISHUN,425000
2019-05,YISHUN,428000
2019-05,YISHUN,501000
2019-05,YISHUN,508000
2019-05,YISHUN,520000
2019-05,YISHUN,570000
2019-05,YISHUN,578000
2019-05,YISHUN,618000
2019-06,SEMBAWANG,325000
2019-06,SEMBAWANG,352000
2019-06,SEMBAWANG,355000
2019-06,SEMBAWANG,358000
2019-06,SEMBAWANG,365000
2019-06,SEMBAWANG,368000
2019-06,SEMBAWANG,370000
2019-06,SEMBAWANG,379000
2019-06,SEMBAWANG,380000
2019-06,SEMBAWANG,380000
2019-06,WOODLANDS,352000
2019-06,WOODLANDS,380000
2019-06,WOODLANDS,398000
2019-06,WOODLANDS,405000
2019-06,WOODLANDS,410000
2019-06,WOODLANDS,440000
2019-06,YISHUN,353000
2019-06,YISHUN,365000
2019-06,YISHUN,368000
2019-06,YISHUN,385000
2019-06,YISHUN,388000
2019-06,YISHUN,389000
2019-06,YISHUN,393000
2019-06,YISHUN,395000
2019-06,YISHUN,408888
2019-06,YISHUN,413999
2019-06,YISHUN,415000
2019-06,YISHUN,415000
2019-06,YISHUN,420000
2019-06,YISHUN,420000
2019-06,YISHUN,430000
2019-06,YISHUN,430000
2019-06,YISHUN,435000
2019-06,YISHUN,530000
2019-06,YISHUN,530000
2019-06,YISHUN,560000
2019-06,YISHUN,583000
2019-06,YISHUN,613000
2019-06,YISHUN,620000
2019-07,SEMBAWANG,360000
2019-07,SEMBAWANG,380000
2019-07,SEMBAWANG,385000
2019-07,SEMBAWANG,390000
2019-07,SEMBAWANG,402000
2019-07,SEMBAWANG,415000
2019-07,SEMBAWANG,415000
2019-07,WOODLANDS,355000
2019-07,WOODLANDS,355000
2019-07,WOODLANDS,359000
2019-07,WOODLANDS,365000
2019-07,WOODLANDS,370000
2019-07,WOODLANDS,388000
2019-07,WOODLANDS,390000
2019-07,WOODLANDS,392500
2019-07,WOODLANDS,400000
2019-07,WOODLANDS,410000
2019-07,WOODLANDS,415000
2019-07,YISHUN,340000
2019-07,YISHUN,349000
2019-07,YISHUN,355000
2019-07,YISHUN,355888
2019-07,YISHUN,356000
2019-07,YISHUN,360000
2019-07,YISHUN,368000
2019-07,YISHUN,368888
2019-07,YISHUN,370000
2019-07,YISHUN,380000
2019-07,YISHUN,380000
2019-07,YISHUN,380000
2019-07,YISHUN,385000
2019-07,YISHUN,388000
2019-07,YISHUN,390000
2019-07,YISHUN,390000
2019-07,YISHUN,390000
2019-07,YISHUN,390000
2019-07,YISHUN,394000
2019-07,YISHUN,400000
2019-07,YISHUN,402000
2019-07,YISHUN,405000
2019-07,YISHUN,405000
2019-07,YISHUN,408000
2019-07,YISHUN,408888
2019-07,YISHUN,410000
2019-07,YISHUN,412000
2019-07,YISHUN,415000
2019-07,YISHUN,418000
2019-07,YISHUN,420000
2019-07,YISHUN,420000
2019-07,YISHUN,423000
2019-07,YISHUN,423000
2019-07,YISHUN,455000
2019-07,YISHUN,525000
2019-07,YISHUN,570000
2019-07,YISHUN,588000
2019-07,YISHUN,598000
2019-08,SEMBAWANG,305000
2019-08,SEMBAWANG,330000
2019-08,SEMBAWANG,350000
2019-08,SEMBAWANG,359000
2019-08,SEMBAWANG,360000
2019-08,SEMBAWANG,366000
2019-08,SEMBAWANG,380000
2019-08,SEMBAWANG,390000
2019-08,SEMBAWANG,400000
2019-08,SEMBAWANG,405000
2019-08,SEMBAWANG,420000
2019-08,WOODLANDS,330000
2019-08,WOODLANDS,340000
2019-08,WOODLANDS,370000
2019-08,WOODLANDS,370000
2019-08,WOODLANDS,371888
2019-08,WOODLANDS,375000
2019-08,WOODLANDS,375000
2019-08,WOODLANDS,378000
2019-08,WOODLANDS,385000
2019-08,WOODLANDS,388000
2019-08,WOODLANDS,392000
2019-08,WOODLANDS,400000
2019-08,WOODLANDS,408888
2019-08,WOODLANDS,415000
2019-08,WOODLANDS,425000
2019-08,WOODLANDS,430000
2019-08,WOODLANDS,431500
2019-08,WOODLANDS,435000
2019-08,WOODLANDS,438000
2019-08,WOODLANDS,448000
2019-08,YISHUN,335000
2019-08,YISHUN,340000
2019-08,YISHUN,355000
2019-08,YISHUN,362000
2019-08,YISHUN,365000
2019-08,YISHUN,365000
2019-08,YISHUN,368000
2019-08,YISHUN,368888
2019-08,YISHUN,370000
2019-08,YISHUN,370000
2019-08,YISHUN,375000
2019-08,YISHUN,380000
2019-08,YISHUN,382500
2019-08,YISHUN,383000
2019-08,YISHUN,383000
2019-08,YISHUN,386000
2019-08,YISHUN,388000
2019-08,YISHUN,388000
2019-08,YISHUN,388000
2019-08,YISHUN,390000
2019-08,YISHUN,395000
2019-08,YISHUN,398000
2019-08,YISHUN,400000
2019-08,YISHUN,400000
2019-08,YISHUN,400000
2019-08,YISHUN,400000
2019-08,YISHUN,400000
2019-08,YISHUN,412000
2019-08,YISHUN,412000
2019-08,YISHUN,412000
2019-08,YISHUN,415000
2019-08,YISHUN,417500
2019-08,YISHUN,420000
2019-08,YISHUN,420000
2019-08,YISHUN,420000
2019-08,YISHUN,422000
2019-08,YISHUN,425000
2019-08,YISHUN,427000
2019-08,YISHUN,428000
2019-08,YISHUN,429000
2019-08,YISHUN,432888
2019-08,YISHUN,438000
2019-08,YISHUN,545000
2019-08,YISHUN,565000
2019-08,YISHUN,565000
2019-08,YISHUN,568000
2019-08,YISHUN,588000
2019-08,YISHUN,588000
2019-09,SEMBAWANG,360000
2019-09,SEMBAWANG,365000
2019-09,SEMBAWANG,380888
2019-09,SEMBAWANG,390000
2019-09,SEMBAWANG,390000
2019-09,SEMBAWANG,395000
2019-09,SEMBAWANG,415000
2019-09,SEMBAWANG,415000
2019-09,SEMBAWANG,425000
2019-09,WOODLANDS,325000
2019-09,WOODLANDS,370000
2019-09,WOODLANDS,377000
2019-09,WOODLANDS,380000
2019-09,WOODLANDS,385000
2019-09,WOODLANDS,390000
2019-09,WOODLANDS,393000
2019-09,WOODLANDS,405000
2019-09,WOODLANDS,415000
2019-09,WOODLANDS,435000
2019-09,WOODLANDS,460000
2019-09,YISHUN,335000
2019-09,YISHUN,350000
2019-09,YISHUN,355000
2019-09,YISHUN,358000
2019-09,YISHUN,370000
2019-09,YISHUN,375000
2019-09,YISHUN,382888
2019-09,YISHUN,383000
2019-09,YISHUN,385000
2019-09,YISHUN,390000
2019-09,YISHUN,390000
2019-09,YISHUN,392000
2019-09,YISHUN,397000
2019-09,YISHUN,408000
2019-09,YISHUN,408000
2019-09,YISHUN,410000
2019-09,YISHUN,410000
2019-09,YISHUN,410000
2019-09,YISHUN,412000
2019-09,YISHUN,412000
2019-09,YISHUN,415000
2019-09,YISHUN,415000
2019-09,YISHUN,417000
2019-09,YISHUN,419888
2019-09,YISHUN,420000
2019-09,YISHUN,426000
2019-09,YISHUN,430000
2019-09,YISHUN,440000
2019-09,YISHUN,500000
2019-09,YISHUN,538000
2019-09,YISHUN,560000
2019-09,YISHUN,580000
2019-09,YISHUN,588000
2019-10,SEMBAWANG,360000
2019-10,SEMBAWANG,375000
2019-10,SEMBAWANG,380000
2019-10,SEMBAWANG,380000
2019-10,SEMBAWANG,400000
2019-10,SEMBAWANG,400000
2019-10,SEMBAWANG,415000
2019-10,SEMBAWANG,415000
2019-10,SEMBAWANG,418000
2019-10,SEMBAWANG,422000
2019-10,WOODLANDS,355000
2019-10,WOODLANDS,355000
2019-10,WOODLANDS,366800
2019-10,WOODLANDS,375000
2019-10,WOODLANDS,385000
2019-10,WOODLANDS,388000
2019-10,WOODLANDS,398000
2019-10,WOODLANDS,405000
2019-10,WOODLANDS,415000
2019-10,WOODLANDS,420000
2019-10,WOODLANDS,420000
2019-10,WOODLANDS,430000
2019-10,YISHUN,340000
2019-10,YISHUN,355000
2019-10,YISHUN,366000
2019-10,YISHUN,368888
2019-10,YISHUN,373888
2019-10,YISHUN,375000
2019-10,YISHUN,375000
2019-10,YISHUN,380000
2019-10,YISHUN,380000
2019-10,YISHUN,380000
2019-10,YISHUN,380000
2019-10,YISHUN,380000
2019-10,YISHUN,390000
2019-10,YISHUN,390000
2019-10,YISHUN,395000
2019-10,YISHUN,396000
2019-10,YISHUN,396888
2019-10,YISHUN,399000
2019-10,YISHUN,400000
2019-10,YISHUN,400000
2019-10,YISHUN,400000
2019-10,YISHUN,402000
2019-10,YISHUN,405000
2019-10,YISHUN,410000
2019-10,YISHUN,415000
2019-10,YISHUN,415000
2019-10,YISHUN,415000
2019-10,YISHUN,416000
2019-10,YISHUN,416000
2019-10,YISHUN,420000
2019-10,YISHUN,420000
2019-10,YISHUN,420000
2019-10,YISHUN,420000
2019-10,YISHUN,423888
2019-10,YISHUN,425000
2019-10,YISHUN,428000
2019-10,YISHUN,438000
2019-10,YISHUN,445000
2019-10,YISHUN,450000
2019-10,YISHUN,468000
2019-10,YISHUN,510000
2019-10,YISHUN,535000
2019-10,YISHUN,560000
2019-10,YISHUN,563000
2019-10,YISHUN,565000
2019-10,YISHUN,568000
2019-10,YISHUN,578000
2019-10,YISHUN,580000
2019-11,SEMBAWANG,385000
2019-11,SEMBAWANG,395000
2019-11,SEMBAWANG,395000
2019-11,SEMBAWANG,398000
2019-11,WOODLANDS,345000
2019-11,WOODLANDS,360000
2019-11,WOODLANDS,362000
2019-11,WOODLANDS,366000
2019-11,WOODLANDS,372000
2019-11,WOODLANDS,375000
2019-11,WOODLANDS,378000
2019-11,WOODLANDS,380000
2019-11,WOODLANDS,380000
2019-11,WOODLANDS,385000
2019-11,WOODLANDS,388000
2019-11,WOODLANDS,390000
2019-11,WOODLANDS,395000
2019-11,WOODLANDS,405000
2019-11,WOODLANDS,408000
2019-11,WOODLANDS,410000
2019-11,WOODLANDS,413000
2019-11,WOODLANDS,415000
2019-11,WOODLANDS,418000
2019-11,WOODLANDS,430000
2019-11,WOODLANDS,440000
2019-11,WOODLANDS,468000
2019-11,YISHUN,333000
2019-11,YISHUN,342000
2019-11,YISHUN,350000
2019-11,YISHUN,355000
2019-11,YISHUN,355000
2019-11,YISHUN,360000
2019-11,YISHUN,360000
2019-11,YISHUN,363000
2019-11,YISHUN,365000
2019-11,YISHUN,366000
2019-11,YISHUN,368000
2019-11,YISHUN,370000
2019-11,YISHUN,370000
2019-11,YISHUN,377000
2019-11,YISHUN,378000
2019-11,YISHUN,379000
2019-11,YISHUN,385000
2019-11,YISHUN,385000
2019-11,YISHUN,390000
2019-11,YISHUN,390000
2019-11,YISHUN,390000
2019-11,YISHUN,392888
2019-11,YISHUN,392888
2019-11,YISHUN,395000
2019-11,YISHUN,395000
2019-11,YISHUN,395000
2019-11,YISHUN,400000
2019-11,YISHUN,400000
2019-11,YISHUN,405000
2019-11,YISHUN,405000
2019-11,YISHUN,409500
2019-11,YISHUN,410000
2019-11,YISHUN,418000
2019-11,YISHUN,425000
2019-11,YISHUN,440000
2019-11,YISHUN,495000
2019-11,YISHUN,510000
2019-11,YISHUN,535000
2019-11,YISHUN,540000
2019-11,YISHUN,542000
2019-11,YISHUN,560000
2019-11,YISHUN,575000
2019-11,YISHUN,590000
2019-12,SEMBAWANG,375000
2019-12,SEMBAWANG,416000
2019-12,SEMBAWANG,395000
2019-12,SEMBAWANG,416000
2019-12,SEMBAWANG,410000
2019-12,SEMBAWANG,384000
2019-12,SEMBAWANG,390000
2019-12,SEMBAWANG,380000
2019-12,SEMBAWANG,385000
2019-12,WOODLANDS,355000
2019-12,WOODLANDS,358000
2019-12,WOODLANDS,420000
2019-12,WOODLANDS,440000
2019-12,WOODLANDS,432888
2019-12,WOODLANDS,380000
2019-12,WOODLANDS,380000
2019-12,WOODLANDS,375000
2019-12,WOODLANDS,345000
2019-12,WOODLANDS,352000
2019-12,WOODLANDS,360000
2019-12,WOODLANDS,366000
2019-12,WOODLANDS,405000
2019-12,WOODLANDS,352000
2019-12,YISHUN,400000
2019-12,YISHUN,400000
2019-12,YISHUN,372000
2019-12,YISHUN,620000
2019-12,YISHUN,568000
2019-12,YISHUN,379000
2019-12,YISHUN,395000
2019-12,YISHUN,375000
2019-12,YISHUN,385000
2019-12,YISHUN,460000
2019-12,YISHUN,540000
2019-12,YISHUN,570000
2019-12,YISHUN,375000
2019-12,YISHUN,388000
2019-12,YISHUN,430000
2019-12,YISHUN,550000
2019-12,YISHUN,365000
2019-12,YISHUN,417000
2019-12,YISHUN,435000
2019-12,YISHUN,423000
2019-12,YISHUN,352000
2019-12,YISHUN,420000
2019-12,YISHUN,420000
2019-12,YISHUN,430000
2019-12,YISHUN,418000
2019-12,YISHUN,375000
2019-12,YISHUN,375000
2019-12,YISHUN,365000
2019-12,YISHUN,395000
2019-12,YISHUN,370000
2019-12,YISHUN,408500
2019-12,YISHUN,425000
2020-01,SEMBAWANG,378000
2020-01,SEMBAWANG,392000
2020-01,SEMBAWANG,400000
2020-01,WOODLANDS,415000
2020-01,WOODLANDS,405000
2020-01,WOODLANDS,360000
2020-01,WOODLANDS,363000
2020-01,WOODLANDS,390000
2020-01,WOODLANDS,375000
2020-01,WOODLANDS,375000
2020-01,WOODLANDS,360000
2020-01,WOODLANDS,406000
2020-01,WOODLANDS,375000
2020-01,WOODLANDS,450000
2020-01,WOODLANDS,413000
2020-01,WOODLANDS,430000
2020-01,WOODLANDS,400000
2020-01,YISHUN,400000
2020-01,YISHUN,381000
2020-01,YISHUN,385000
2020-01,YISHUN,370000
2020-01,YISHUN,385000
2020-01,YISHUN,528000
2020-01,YISHUN,403000
2020-01,YISHUN,368000
2020-01,YISHUN,395000
2020-01,YISHUN,392000
2020-01,YISHUN,385000
2020-01,YISHUN,395000
2020-01,YISHUN,373000
2020-01,YISHUN,590000
2020-01,YISHUN,570000
2020-01,YISHUN,400000
2020-01,YISHUN,440000
2020-01,YISHUN,365000
2020-01,YISHUN,589000
2020-01,YISHUN,440000
2020-01,YISHUN,428000
2020-01,YISHUN,395000
2020-01,YISHUN,408000
2020-01,YISHUN,355000
2020-01,YISHUN,340000
2020-01,YISHUN,415000
2020-01,YISHUN,380000
2020-01,YISHUN,415000
2020-01,YISHUN,425000
2020-01,YISHUN,410000
2020-01,YISHUN,410000
2020-01,YISHUN,368000
2020-01,YISHUN,357500
2020-01,YISHUN,348000
2020-01,YISHUN,390000
2020-01,YISHUN,418000
2020-01,YISHUN,375000
2020-01,YISHUN,410000
2020-01,YISHUN,350000
2020-01,YISHUN,360000
2020-01,YISHUN,350000
2020-01,YISHUN,390000
2020-01,YISHUN,330000
2020-01,YISHUN,390000
2020-01,YISHUN,355000
2020-01,YISHUN,405000
2020-02,SEMBAWANG,418000
2020-02,SEMBAWANG,380000
2020-02,SEMBAWANG,410000
2020-02,SEMBAWANG,375000
2020-02,WOODLANDS,382000
2020-02,WOODLANDS,378000
2020-02,WOODLANDS,395000
2020-02,WOODLANDS,380000
2020-02,WOODLANDS,385000
2020-02,WOODLANDS,425000
2020-02,WOODLANDS,415000
2020-02,YISHUN,378000
2020-02,YISHUN,377000
2020-02,YISHUN,380000
2020-02,YISHUN,400000
2020-02,YISHUN,327500
2020-02,YISHUN,375000
2020-02,YISHUN,408000
2020-02,YISHUN,572000
2020-02,YISHUN,400000
2020-02,YISHUN,390000
2020-02,YISHUN,420000
2020-02,YISHUN,401000
2020-02,YISHUN,565000
2020-02,YISHUN,375000
2020-02,YISHUN,410000
2020-02,YISHUN,445000
2020-02,YISHUN,423888
2020-02,YISHUN,450000
2020-02,YISHUN,365000
2020-02,YISHUN,430000
2020-02,YISHUN,407000
2020-02,YISHUN,418000
2020-02,YISHUN,395000
2020-02,YISHUN,367000
2020-02,YISHUN,418000
2020-02,YISHUN,430000
2020-02,YISHUN,400000
2020-02,YISHUN,365000
2020-02,YISHUN,395000
2020-02,YISHUN,380000
2020-02,YISHUN,380000
2020-02,YISHUN,380000
2020-02,YISHUN,366000
2020-02,YISHUN,410000
2020-02,YISHUN,380000
2020-02,YISHUN,380000
2020-02,YISHUN,390000
2020-02,YISHUN,400000
2020-03,SEMBAWANG,400000
2020-03,SEMBAWANG,383000
2020-03,SEMBAWANG,398000
2020-03,SEMBAWANG,428000
2020-03,SEMBAWANG,395000
2020-03,SEMBAWANG,400000
2020-03,SEMBAWANG,418000
2020-03,WOODLANDS,426000
2020-03,WOODLANDS,385000
2020-03,WOODLANDS,420000
2020-03,WOODLANDS,375000
2020-03,WOODLANDS,345000
2020-03,WOODLANDS,400000
2020-03,WOODLANDS,354000
2020-03,WOODLANDS,385000
2020-03,WOODLANDS,376000
2020-03,WOODLANDS,350000
2020-03,WOODLANDS,421888
2020-03,WOODLANDS,405000
2020-03,WOODLANDS,430000
2020-03,YISHUN,363000
2020-03,YISHUN,380000
2020-03,YISHUN,360000
2020-03,YISHUN,380000
2020-03,YISHUN,400000
2020-03,YISHUN,498000
2020-03,YISHUN,423000
2020-03,YISHUN,353000
2020-03,YISHUN,382000
2020-03,YISHUN,580000
2020-03,YISHUN,365000
2020-03,YISHUN,580000
2020-03,YISHUN,370000
2020-03,YISHUN,400888
2020-03,YISHUN,380000
2020-03,YISHUN,360000
2020-03,YISHUN,420000
2020-03,YISHUN,440888
2020-03,YISHUN,346000
2020-03,YISHUN,428000
2020-03,YISHUN,365000
2020-03,YISHUN,410000
2020-03,YISHUN,382000
2020-03,YISHUN,420000
2020-03,YISHUN,425000
2020-03,YISHUN,360000
2020-03,YISHUN,440000
2020-03,YISHUN,380000
2020-03,YISHUN,415000
2020-03,YISHUN,360000
2020-03,YISHUN,423888
2020-03,YISHUN,420000
2020-03,YISHUN,398000
2020-03,YISHUN,400000
2020-04,SEMBAWANG,412000
2020-04,WOODLANDS,360000
2020-04,WOODLANDS,355000
2020-04,WOODLANDS,450000
2020-04,WOODLANDS,355000
2020-04,YISHUN,400000
2020-04,YISHUN,378000
2020-04,YISHUN,432000
2020-04,YISHUN,383000
2020-04,YISHUN,420000
2020-04,YISHUN,375000
2020-04,YISHUN,430000
2020-04,YISHUN,400000
2020-04,YISHUN,415000
2020-04,YISHUN,402500
2020-04,YISHUN,430000
2020-04,YISHUN,398000
2020-05,WOODLANDS,440000
2020-05,WOODLANDS,425000
2020-05,YISHUN,397000
2020-05,YISHUN,510000
2020-05,YISHUN,428000
2020-05,YISHUN,442000
2020-05,YISHUN,373888
2020-05,YISHUN,370000
2020-06,SEMBAWANG,409000
2020-06,SEMBAWANG,378000
2020-06,SEMBAWANG,378888
2020-06,SEMBAWANG,410000
2020-06,SEMBAWANG,413000
2020-06,WOODLANDS,370000
2020-06,WOODLANDS,410008.88
2020-06,WOODLANDS,385000
2020-06,WOODLANDS,426000
2020-06,WOODLANDS,380000
2020-06,WOODLANDS,385000
2020-06,WOODLANDS,375000
2020-06,WOODLANDS,420000
2020-06,WOODLANDS,410000
2020-06,WOODLANDS,430000
2020-06,WOODLANDS,415000
2020-06,YISHUN,410000
2020-06,YISHUN,365000
2020-06,YISHUN,400000
2020-06,YISHUN,350000
2020-06,YISHUN,375000
2020-06,YISHUN,372000
2020-06,YISHUN,365000
2020-06,YISHUN,532000
2020-06,YISHUN,433000
2020-06,YISHUN,566000
2020-06,YISHUN,400000
2020-06,YISHUN,390000
2020-06,YISHUN,408000
2020-06,YISHUN,360000
2020-06,YISHUN,380000
2020-06,YISHUN,395000
2020-06,YISHUN,375000
2020-06,YISHUN,530000
2020-06,YISHUN,410000
2020-06,YISHUN,420000
2020-06,YISHUN,410000
2020-06,YISHUN,453888
2020-06,YISHUN,385888
2020-06,YISHUN,430000
2020-06,YISHUN,410000
2020-06,YISHUN,385000
2020-06,YISHUN,396888
2020-06,YISHUN,393000
2020-06,YISHUN,408000
2020-06,YISHUN,362000
2020-06,YISHUN,412000
2020-06,YISHUN,400000
2020-06,YISHUN,383000
2020-06,YISHUN,420000
2020-06,YISHUN,340000
2020-06,YISHUN,428888
2020-06,YISHUN,370000
2020-06,YISHUN,395000
2020-06,YISHUN,360000
2020-06,YISHUN,408000
2020-06,YISHUN,435000
2020-06,YISHUN,340000
2020-06,YISHUN,360000
2020-06,YISHUN,415000
2020-06,YISHUN,358000
2020-06,YISHUN,400000
2020-06,YISHUN,385000
2020-06,YISHUN,390000
2020-07,SEMBAWANG,408000
2020-07,SEMBAWANG,415000
2020-07,SEMBAWANG,400000
2020-07,SEMBAWANG,422000
2020-07,SEMBAWANG,370000
2020-07,SEMBAWANG,410000
2020-07,SEMBAWANG,410000
2020-07,WOODLANDS,410000
2020-07,WOODLANDS,415000
2020-07,WOODLANDS,420000
2020-07,WOODLANDS,435000
2020-07,WOODLANDS,438000
2020-07,WOODLANDS,430000
2020-07,WOODLANDS,405000
2020-07,WOODLANDS,363000
2020-07,WOODLANDS,410000
2020-07,WOODLANDS,435000
2020-07,WOODLANDS,425000
2020-07,WOODLANDS,455000
2020-07,WOODLANDS,465000
2020-07,YISHUN,350000
2020-07,YISHUN,385000
2020-07,YISHUN,400000
2020-07,YISHUN,430000
2020-07,YISHUN,360000
2020-07,YISHUN,597000
2020-07,YISHUN,390000
2020-07,YISHUN,360000
2020-07,YISHUN,378000
2020-07,YISHUN,363888
2020-07,YISHUN,540000
2020-07,YISHUN,390000
2020-07,YISHUN,515000
2020-07,YISHUN,410000
2020-07,YISHUN,390000
2020-07,YISHUN,430000
2020-07,YISHUN,405000
2020-07,YISHUN,418000
2020-07,YISHUN,436000
2020-07,YISHUN,437000
2020-07,YISHUN,418000
2020-07,YISHUN,365000
2020-07,YISHUN,418000
2020-07,YISHUN,432000
2020-07,YISHUN,352000
2020-07,YISHUN,378000
2020-07,YISHUN,391000
2020-07,YISHUN,390000
2020-07,YISHUN,390000
2020-07,YISHUN,390000
2020-07,YISHUN,365000
2020-07,YISHUN,418000
2020-07,YISHUN,421000
2020-07,YISHUN,410000
2020-07,YISHUN,365000
2020-07,YISHUN,380000
2020-07,YISHUN,390000
2020-07,YISHUN,420800
2020-07,YISHUN,360000
2020-07,YISHUN,390000
2020-07,YISHUN,395000
2020-07,YISHUN,420000
2020-08,SEMBAWANG,428000
2020-08,SEMBAWANG,422000
2020-08,SEMBAWANG,420000
2020-08,SEMBAWANG,388000
2020-08,SEMBAWANG,386000
2020-08,WOODLANDS,430000
2020-08,WOODLANDS,430000
2020-08,WOODLANDS,385000
2020-08,WOODLANDS,380000
2020-08,WOODLANDS,415000
2020-08,WOODLANDS,352000
2020-08,WOODLANDS,400000
2020-08,WOODLANDS,432000
2020-08,WOODLANDS,429000
2020-08,YISHUN,370000
2020-08,YISHUN,385000
2020-08,YISHUN,420000
2020-08,YISHUN,410000
2020-08,YISHUN,388000
2020-08,YISHUN,625000
2020-08,YISHUN,368000
2020-08,YISHUN,377000
2020-08,YISHUN,365000
2020-08,YISHUN,380000
2020-08,YISHUN,540000
2020-08,YISHUN,540000
2020-08,YISHUN,377000
2020-08,YISHUN,400000
2020-08,YISHUN,390000
2020-08,YISHUN,543000
2020-08,YISHUN,400000
2020-08,YISHUN,385000
2020-08,YISHUN,380000
2020-08,YISHUN,425000
2020-08,YISHUN,437000
2020-08,YISHUN,400000
2020-08,YISHUN,420000
2020-08,YISHUN,435000
2020-08,YISHUN,443588
2020-08,YISHUN,380000
2020-08,YISHUN,380000
2020-08,YISHUN,370000
2020-08,YISHUN,425000
2020-08,YISHUN,418000
2020-08,YISHUN,436888
2020-08,YISHUN,452000
2020-08,YISHUN,425000
2020-08,YISHUN,375000
2020-08,YISHUN,428000
2020-08,YISHUN,405000
2020-08,YISHUN,433000
2020-08,YISHUN,360000
2020-08,YISHUN,388888
2020-08,YISHUN,411000
2020-08,YISHUN,390000
2020-08,YISHUN,445000
2020-09,SEMBAWANG,399888
2020-09,SEMBAWANG,410000
2020-09,SEMBAWANG,355000
2020-09,WOODLANDS,375000
2020-09,WOODLANDS,420000
2020-09,WOODLANDS,358000
2020-09,WOODLANDS,390000
2020-09,WOODLANDS,440000
2020-09,WOODLANDS,420000
2020-09,WOODLANDS,405000
2020-09,YISHUN,390000
2020-09,YISHUN,412000
2020-09,YISHUN,420000
2020-09,YISHUN,518888
2020-09,YISHUN,410000
2020-09,YISHUN,410000
2020-09,YISHUN,412500
2020-09,YISHUN,520000
2020-09,YISHUN,390000
2020-09,YISHUN,547000
2020-09,YISHUN,404888
2020-09,YISHUN,400000
2020-09,YISHUN,370000
2020-09,YISHUN,395000
2020-09,YISHUN,380000
2020-09,YISHUN,436000
2020-09,YISHUN,433000
2020-09,YISHUN,423000
2020-09,YISHUN,435000
2020-09,YISHUN,440000
2020-09,YISHUN,390000
2020-09,YISHUN,430000
2020-09,YISHUN,355000
2020-09,YISHUN,397000
2020-09,YISHUN,373000
2020-09,YISHUN,440000
2020-09,YISHUN,375000
2020-09,YISHUN,403500
2020-10,SEMBAWANG,425000
2020-10,SEMBAWANG,450000
2020-10,WOODLANDS,426800
2020-10,WOODLANDS,455000
2020-10,WOODLANDS,425000
2020-10,WOODLANDS,385000
2020-10,WOODLANDS,395000
2020-10,WOODLANDS,400000
2020-10,WOODLANDS,375000
2020-10,WOODLANDS,406000
2020-10,WOODLANDS,435000
2020-10,WOODLANDS,410000
2020-10,WOODLANDS,395000
2020-10,WOODLANDS,393000
2020-10,WOODLANDS,420000
2020-10,WOODLANDS,475000
2020-10,YISHUN,392000
2020-10,YISHUN,420000
2020-10,YISHUN,408000
2020-10,YISHUN,384000
2020-10,YISHUN,400000
2020-10,YISHUN,365000
2020-10,YISHUN,590000
2020-10,YISHUN,590000
2020-10,YISHUN,430000
2020-10,YISHUN,368000
2020-10,YISHUN,590000
2020-10,YISHUN,490000
2020-10,YISHUN,438000
2020-10,YISHUN,380000
2020-10,YISHUN,448000
2020-10,YISHUN,468888
2020-10,YISHUN,450000
2020-10,YISHUN,430000
2020-10,YISHUN,440000
2020-10,YISHUN,435000
2020-10,YISHUN,438000
2020-10,YISHUN,403888
2020-10,YISHUN,455000
2020-10,YISHUN,430000
2020-10,YISHUN,384000
2020-10,YISHUN,400000
2020-10,YISHUN,430888
2020-10,YISHUN,436000
2020-10,YISHUN,443000
2020-11,SEMBAWANG,425000
2020-11,SEMBAWANG,359000
2020-11,WOODLANDS,470000
2020-11,WOODLANDS,458000
2020-11,WOODLANDS,380000
2020-11,WOODLANDS,430000
2020-11,WOODLANDS,420000
2020-11,YISHUN,387000
2020-11,YISHUN,395000
2020-11,YISHUN,405000
2020-11,YISHUN,400000
2020-11,YISHUN,380000
2020-11,YISHUN,382000
2020-11,YISHUN,412000
2020-11,YISHUN,380000
2020-11,YISHUN,418888
2020-11,YISHUN,380000
2020-11,YISHUN,398000
2020-11,YISHUN,448888
2020-11,YISHUN,425000
2020-11,YISHUN,590000
2020-11,YISHUN,470000
2020-11,YISHUN,458000
2020-11,YISHUN,408000
2020-11,YISHUN,473000
2020-11,YISHUN,422000
2020-11,YISHUN,410888
2020-11,YISHUN,425000
2020-11,YISHUN,392000
2020-11,YISHUN,390000
2020-11,YISHUN,368888
2020-11,YISHUN,400000
2020-11,YISHUN,440000
2020-11,YISHUN,425000
2020-11,YISHUN,410000
2020-12,SEMBAWANG,450000
2020-12,SEMBAWANG,400000
2020-12,SEMBAWANG,430000
2020-12,WOODLANDS,460000
2020-12,WOODLANDS,435000
2020-12,WOODLANDS,410000
2020-12,WOODLANDS,381000
2020-12,WOODLANDS,420000
2020-12,WOODLANDS,430000
2020-12,WOODLANDS,398000
2020-12,WOODLANDS,453000
2020-12,WOODLANDS,468000
2020-12,WOODLANDS,471000
2020-12,WOODLANDS,476000
2020-12,WOODLANDS,481000
2020-12,YISHUN,430888
2020-12,YISHUN,428000
2020-12,YISHUN,425888
2020-12,YISHUN,415000
2020-12,YISHUN,463000
2020-12,YISHUN,388000
2020-12,YISHUN,400000
2020-12,YISHUN,451000
2020-12,YISHUN,565000
2020-12,YISHUN,598000
2020-12,YISHUN,585000
2020-12,YISHUN,390000
2020-12,YISHUN,415000
2020-12,YISHUN,430000
2020-12,YISHUN,420000
2020-12,YISHUN,430000
2020-12,YISHUN,432000
2020-12,YISHUN,450000
2020-12,YISHUN,450000
2020-12,YISHUN,426000
2020-12,YISHUN,440000
2020-12,YISHUN,445000
2020-12,YISHUN,383000
2020-12,YISHUN,445000
2020-12,YISHUN,398000
2020-12,YISHUN,420000
2020-12,YISHUN,430000
2020-12,YISHUN,432888
2020-12,YISHUN,435000
2020-12,YISHUN,425000
2020-12,YISHUN,445000
2020-12,YISHUN,435000
2021-01,SEMBAWANG,400000
2021-01,SEMBAWANG,413000
2021-01,SEMBAWANG,422000
2021-01,SEMBAWANG,435000
2021-01,SEMBAWANG,440000
2021-01,SEMBAWANG,450000
2021-01,WOODLANDS,420000
2021-01,WOODLANDS,430000
2021-01,WOODLANDS,430000
2021-01,WOODLANDS,445000
2021-01,WOODLANDS,455000
2021-01,WOODLANDS,455000
2021-01,WOODLANDS,460000
2021-01,WOODLANDS,463000
2021-01,WOODLANDS,475000
2021-01,WOODLANDS,480000
2021-01,WOODLANDS,503000
2021-01,YISHUN,380000
2021-01,YISHUN,388000
2021-01,YISHUN,390000
2021-01,YISHUN,400000
2021-01,YISHUN,415000
2021-01,YISHUN,420000
2021-01,YISHUN,420888
2021-01,YISHUN,423000
2021-01,YISHUN,425000
2021-01,YISHUN,428000
2021-01,YISHUN,430000
2021-01,YISHUN,433000
2021-01,YISHUN,435000
2021-01,YISHUN,445000
2021-01,YISHUN,445000
2021-01,YISHUN,448000
2021-01,YISHUN,449000
2021-01,YISHUN,460000
2021-01,YISHUN,471000
2021-01,YISHUN,473000
2021-01,YISHUN,530000
2021-01,YISHUN,580000
2021-01,YISHUN,580000
2021-01,YISHUN,590000
2021-02,SEMBAWANG,448000
2021-02,SEMBAWANG,460000
2021-02,WOODLANDS,420000
2021-02,WOODLANDS,420000
2021-02,WOODLANDS,430000
2021-02,WOODLANDS,458000
2021-02,WOODLANDS,462000
2021-02,WOODLANDS,480000
2021-02,WOODLANDS,480000
2021-02,YISHUN,398000
2021-02,YISHUN,400000
2021-02,YISHUN,415000
2021-02,YISHUN,418000
2021-02,YISHUN,418000
2021-02,YISHUN,420000
2021-02,YISHUN,428000
2021-02,YISHUN,430000
2021-02,YISHUN,436000
2021-02,YISHUN,436800
2021-02,YISHUN,438888
2021-02,YISHUN,439000
2021-02,YISHUN,439888
2021-02,YISHUN,442000
2021-02,YISHUN,445000
2021-02,YISHUN,448000
2021-02,YISHUN,450000
2021-02,YISHUN,455000
2021-02,YISHUN,460000
2021-02,YISHUN,462000
2021-02,YISHUN,470000
2021-02,YISHUN,578000
2021-02,YISHUN,595000
2021-03,SEMBAWANG,438000
2021-03,SEMBAWANG,480000
2021-03,WOODLANDS,430000
2021-03,WOODLANDS,440000
2021-03,WOODLANDS,460000
2021-03,WOODLANDS,465000
2021-03,WOODLANDS,475000
2021-03,WOODLANDS,475000
2021-03,WOODLANDS,478000
2021-03,WOODLANDS,483888
2021-03,WOODLANDS,488000
2021-03,WOODLANDS,492000
2021-03,WOODLANDS,502000
2021-03,YISHUN,380000
2021-03,YISHUN,395000
2021-03,YISHUN,400000
2021-03,YISHUN,400000
2021-03,YISHUN,410000
2021-03,YISHUN,412000
2021-03,YISHUN,415000
2021-03,YISHUN,415000
2021-03,YISHUN,418000
2021-03,YISHUN,420000
2021-03,YISHUN,420000
2021-03,YISHUN,421000
2021-03,YISHUN,428000
2021-03,YISHUN,430000
2021-03,YISHUN,430000
2021-03,YISHUN,430000
2021-03,YISHUN,430000
2021-03,YISHUN,430038
2021-03,YISHUN,432000
2021-03,YISHUN,432000
2021-03,YISHUN,435000
2021-03,YISHUN,435000
2021-03,YISHUN,435000
2021-03,YISHUN,438000
2021-03,YISHUN,440000
2021-03,YISHUN,440000
2021-03,YISHUN,445000
2021-03,YISHUN,446000
2021-03,YISHUN,448888
2021-03,YISHUN,448888
2021-03,YISHUN,450000
2021-03,YISHUN,460000
2021-03,YISHUN,465000
2021-03,YISHUN,470000
2021-03,YISHUN,475000
2021-03,YISHUN,480000
2021-03,YISHUN,480000
2021-03,YISHUN,480000
2021-03,YISHUN,590000
2021-03,YISHUN,610888
2021-04,SEMBAWANG,383000
2021-04,SEMBAWANG,400000
2021-04,SEMBAWANG,465000
2021-04,SEMBAWANG,469000
2021-04,SEMBAWANG,488018
2021-04,WOODLANDS,400000
2021-04,WOODLANDS,425000
2021-04,WOODLANDS,435000
2021-04,WOODLANDS,440000
2021-04,WOODLANDS,450000
2021-04,WOODLANDS,450000
2021-04,WOODLANDS,475000
2021-04,WOODLANDS,488000
2021-04,WOODLANDS,490000
2021-04,WOODLANDS,492000
2021-04,WOODLANDS,494000
2021-04,WOODLANDS,510000
2021-04,YISHUN,395000
2021-04,YISHUN,418000
2021-04,YISHUN,424000
2021-04,YISHUN,430000
2021-04,YISHUN,430000
2021-04,YISHUN,435000
2021-04,YISHUN,440000
2021-04,YISHUN,448000
2021-04,YISHUN,448000
2021-04,YISHUN,455000
2021-04,YISHUN,458000
2021-04,YISHUN,460000
2021-04,YISHUN,460000
2021-04,YISHUN,460000
2021-04,YISHUN,460000
2021-04,YISHUN,460000
2021-04,YISHUN,460888
2021-04,YISHUN,463000
2021-04,YISHUN,465000
2021-04,YISHUN,470000
2021-04,YISHUN,472000
2021-04,YISHUN,510000
2021-04,YISHUN,595000
2021-05,SEMBAWANG,412000
2021-05,SEMBAWANG,450000
2021-05,SEMBAWANG,450000
2021-05,WOODLANDS,430000
2021-05,WOODLANDS,430000
2021-05,WOODLANDS,440000
2021-05,WOODLANDS,455000
2021-05,WOODLANDS,460000
2021-05,WOODLANDS,468000
2021-05,WOODLANDS,480000
2021-05,WOODLANDS,480000
2021-05,WOODLANDS,490000
2021-05,WOODLANDS,492000
2021-05,WOODLANDS,492000
2021-05,WOODLANDS,497000
2021-05,WOODLANDS,501000
2021-05,WOODLANDS,538000
2021-05,YISHUN,408000
2021-05,YISHUN,420000
2021-05,YISHUN,420000
2021-05,YISHUN,428000
2021-05,YISHUN,432000
2021-05,YISHUN,435000
2021-05,YISHUN,439000
2021-05,YISHUN,443000
2021-05,YISHUN,445000
2021-05,YISHUN,445000
2021-05,YISHUN,450000
2021-05,YISHUN,450888
2021-05,YISHUN,452000
2021-05,YISHUN,455000
2021-05,YISHUN,458000
2021-05,YISHUN,458888
2021-05,YISHUN,460000
2021-05,YISHUN,460000
2021-05,YISHUN,485000
2021-05,YISHUN,560000
2021-05,YISHUN,610000
2021-05,YISHUN,618000
2021-05,YISHUN,618000
2021-05,YISHUN,630000
2021-06,SEMBAWANG,355000
2021-06,SEMBAWANG,408000
2021-06,SEMBAWANG,445000
2021-06,SEMBAWANG,460000
2021-06,SEMBAWANG,482000
2021-06,WOODLANDS,435000
2021-06,WOODLANDS,450000
2021-06,WOODLANDS,453800
2021-06,WOODLANDS,457000
2021-06,WOODLANDS,470000
2021-06,WOODLANDS,485000
2021-06,WOODLANDS,485000
2021-06,WOODLANDS,485000
2021-06,WOODLANDS,500000
2021-06,WOODLANDS,515000
2021-06,WOODLANDS,532000
2021-06,YISHUN,410000
2021-06,YISHUN,420000
2021-06,YISHUN,425000
2021-06,YISHUN,430000
2021-06,YISHUN,430000
2021-06,YISHUN,433000
2021-06,YISHUN,435000
2021-06,YISHUN,450000
2021-06,YISHUN,450000
2021-06,YISHUN,450000
2021-06,YISHUN,453000
2021-06,YISHUN,460000
2021-06,YISHUN,460000
2021-06,YISHUN,468000
2021-06,YISHUN,468000
2021-06,YISHUN,470000
2021-06,YISHUN,470000
2021-06,YISHUN,473000
2021-06,YISHUN,475000
2021-06,YISHUN,478000
2021-06,YISHUN,480000
2021-06,YISHUN,487100
2021-06,YISHUN,500000
2021-06,YISHUN,580000
2021-06,YISHUN,620000
2021-06,YISHUN,628000
2021-07,SEMBAWANG,445000
2021-07,SEMBAWANG,450000
2021-07,SEMBAWANG,460000
2021-07,SEMBAWANG,495000
2021-07,WOODLANDS,378000
2021-07,WOODLANDS,425000
2021-07,WOODLANDS,435000
2021-07,WOODLANDS,435000
2021-07,WOODLANDS,440000
2021-07,WOODLANDS,440000
2021-07,WOODLANDS,455000
2021-07,WOODLANDS,470000
2021-07,WOODLANDS,472000
2021-07,WOODLANDS,480000
2021-07,WOODLANDS,498000
2021-07,WOODLANDS,510000
2021-07,WOODLANDS,513000
2021-07,WOODLANDS,515000
2021-07,WOODLANDS,550000
2021-07,YISHUN,395000
2021-07,YISHUN,420000
2021-07,YISHUN,432500
2021-07,YISHUN,435000
2021-07,YISHUN,435000
2021-07,YISHUN,455000
2021-07,YISHUN,455000
2021-07,YISHUN,455000
2021-07,YISHUN,460000
2021-07,YISHUN,460000
2021-07,YISHUN,460000
2021-07,YISHUN,465000
2021-07,YISHUN,465000
2021-07,YISHUN,468000
2021-07,YISHUN,470000
2021-07,YISHUN,470000
2021-07,YISHUN,470000
2021-07,YISHUN,475000
2021-07,YISHUN,475000
2021-07,YISHUN,478000
2021-07,YISHUN,478000
2021-07,YISHUN,480000
2021-07,YISHUN,485000
2021-07,YISHUN,491000
2021-07,YISHUN,492000
2021-07,YISHUN,500000
2021-07,YISHUN,502000
2021-07,YISHUN,510000
2021-07,YISHUN,560000
2021-07,YISHUN,588000
2021-07,YISHUN,590000
2021-08,SEMBAWANG,468000
2021-08,SEMBAWANG,477000
2021-08,SEMBAWANG,485000
2021-08,SEMBAWANG,490000
2021-08,SEMBAWANG,500888
2021-08,WOODLANDS,420000
2021-08,WOODLANDS,425000
2021-08,WOODLANDS,439000
2021-08,WOODLANDS,445000
2021-08,WOODLANDS,450000
2021-08,WOODLANDS,455000
2021-08,WOODLANDS,460000
2021-08,WOODLANDS,468000
2021-08,WOODLANDS,475000
2021-08,WOODLANDS,480000
2021-08,WOODLANDS,496000
2021-08,WOODLANDS,500000
2021-08,WOODLANDS,500000
2021-08,WOODLANDS,505000
2021-08,WOODLANDS,510000
2021-08,WOODLANDS,510000
2021-08,WOODLANDS,520000
2021-08,WOODLANDS,531000
2021-08,WOODLANDS,540000
2021-08,WOODLANDS,560000
2021-08,YISHUN,425000
2021-08,YISHUN,428000
2021-08,YISHUN,430000
2021-08,YISHUN,430000
2021-08,YISHUN,432000
2021-08,YISHUN,433000
2021-08,YISHUN,434888
2021-08,YISHUN,435000
2021-08,YISHUN,435000
2021-08,YISHUN,438000
2021-08,YISHUN,438000
2021-08,YISHUN,440000
2021-08,YISHUN,440000
2021-08,YISHUN,440000
2021-08,YISHUN,445000
2021-08,YISHUN,450000
2021-08,YISHUN,455000
2021-08,YISHUN,458000
2021-08,YISHUN,458000
2021-08,YISHUN,460000
2021-08,YISHUN,460000
2021-08,YISHUN,460000
2021-08,YISHUN,460000
2021-08,YISHUN,460000
2021-08,YISHUN,462000
2021-08,YISHUN,462000
2021-08,YISHUN,466000
2021-08,YISHUN,468000
2021-08,YISHUN,473000
2021-08,YISHUN,473888
2021-08,YISHUN,475000
2021-08,YISHUN,480000
2021-08,YISHUN,485000
2021-08,YISHUN,490000
2021-08,YISHUN,492800
2021-08,YISHUN,495000
2021-08,YISHUN,495000
2021-08,YISHUN,510000
2021-08,YISHUN,512000
2021-09,SEMBAWANG,500000
2021-09,SEMBAWANG,500000
2021-09,WOODLANDS,425000
2021-09,WOODLANDS,445000
2021-09,WOODLANDS,455000
2021-09,WOODLANDS,465000
2021-09,WOODLANDS,472000
2021-09,WOODLANDS,493000
2021-09,WOODLANDS,495000
2021-09,WOODLANDS,508000
2021-09,WOODLANDS,525000
2021-09,WOODLANDS,538500
2021-09,YISHUN,410000
2021-09,YISHUN,433000
2021-09,YISHUN,435000
2021-09,YISHUN,435000
2021-09,YISHUN,435000
2021-09,YISHUN,440000
2021-09,YISHUN,445000
2021-09,YISHUN,450000
2021-09,YISHUN,455000
2021-09,YISHUN,457000
2021-09,YISHUN,458000
2021-09,YISHUN,460000
2021-09,YISHUN,466000
2021-09,YISHUN,468888
2021-09,YISHUN,470000
2021-09,YISHUN,470000
2021-09,YISHUN,472000
2021-09,YISHUN,473000
2021-09,YISHUN,475000
2021-09,YISHUN,480000
2021-09,YISHUN,480000
2021-09,YISHUN,482000
2021-09,YISHUN,485000
2021-09,YISHUN,485000
2021-09,YISHUN,488000
2021-09,YISHUN,488000
2021-09,YISHUN,492000
2021-09,YISHUN,492888
2021-09,YISHUN,495000
2021-09,YISHUN,608888
2021-10,SEMBAWANG,420000
2021-10,SEMBAWANG,480000
2021-10,SEMBAWANG,483000
2021-10,WOODLANDS,465000
2021-10,WOODLANDS,480000
2021-10,WOODLANDS,485000
2021-10,WOODLANDS,495000
2021-10,WOODLANDS,528000
2021-10,WOODLANDS,538888
2021-10,YISHUN,420000
2021-10,YISHUN,430000
2021-10,YISHUN,448000
2021-10,YISHUN,450000
2021-10,YISHUN,450000
2021-10,YISHUN,460000
2021-10,YISHUN,462000
2021-10,YISHUN,465000
2021-10,YISHUN,468888
2021-10,YISHUN,470000
2021-10,YISHUN,475000
2021-10,YISHUN,475000
2021-10,YISHUN,475000
2021-10,YISHUN,475888
2021-10,YISHUN,480000
2021-10,YISHUN,480000
2021-10,YISHUN,480000
2021-10,YISHUN,480000
2021-10,YISHUN,485000
2021-10,YISHUN,485000
2021-10,YISHUN,488000
2021-10,YISHUN,490000
2021-10,YISHUN,495000
2021-10,YISHUN,505000
2021-10,YISHUN,510000
2021-10,YISHUN,515000
2021-10,YISHUN,516000
2021-10,YISHUN,518888
2021-10,YISHUN,520000
2021-10,YISHUN,520000
2021-10,YISHUN,525000
2021-10,YISHUN,585000
2021-10,YISHUN,608000
2021-10,YISHUN,620000
2021-10,YISHUN,628000
2021-10,YISHUN,632000
2021-10,YISHUN,632500
2021-11,SEMBAWANG,458888
2021-11,SEMBAWANG,468000
2021-11,SEMBAWANG,488888
2021-11,SEMBAWANG,517000
2021-11,WOODLANDS,405000
2021-11,WOODLANDS,435000
2021-11,WOODLANDS,440000
2021-11,WOODLANDS,445000
2021-11,WOODLANDS,488000
2021-11,WOODLANDS,495000
2021-11,WOODLANDS,500000
2021-11,WOODLANDS,503000
2021-11,WOODLANDS,508000
2021-11,WOODLANDS,517500
2021-11,WOODLANDS,550000
2021-11,YISHUN,438000
2021-11,YISHUN,444000
2021-11,YISHUN,445000
2021-11,YISHUN,450000
2021-11,YISHUN,450000
2021-11,YISHUN,455000
2021-11,YISHUN,460000
2021-11,YISHUN,460000
2021-11,YISHUN,462000
2021-11,YISHUN,465000
2021-11,YISHUN,465000
2021-11,YISHUN,465000
2021-11,YISHUN,465000
2021-11,YISHUN,468000
2021-11,YISHUN,470000
2021-11,YISHUN,475000
2021-11,YISHUN,475000
2021-11,YISHUN,475000
2021-11,YISHUN,483000
2021-11,YISHUN,488000
2021-11,YISHUN,488000
2021-11,YISHUN,490000
2021-11,YISHUN,490000
2021-11,YISHUN,490000
2021-11,YISHUN,490000
2021-11,YISHUN,490000
2021-11,YISHUN,493888
2021-11,YISHUN,495888
2021-11,YISHUN,500000
2021-11,YISHUN,500000
2021-11,YISHUN,500000
2021-11,YISHUN,510000
2021-11,YISHUN,510000
2021-11,YISHUN,510000
2021-11,YISHUN,510000
2021-11,YISHUN,518000
2021-11,YISHUN,520000
2021-11,YISHUN,540000
2021-11,YISHUN,590000
2021-11,YISHUN,600000
2021-11,YISHUN,608000
2021-11,YISHUN,636000
2021-12,SEMBAWANG,530000
2021-12,SEMBAWANG,535000
2021-12,SEMBAWANG,550000
2021-12,WOODLANDS,450000
2021-12,WOODLANDS,460000
2021-12,WOODLANDS,465000
2021-12,WOODLANDS,480000
2021-12,WOODLANDS,480000
2021-12,WOODLANDS,495000
2021-12,WOODLANDS,510000
2021-12,WOODLANDS,512000
2021-12,WOODLANDS,516000
2021-12,WOODLANDS,525000
2021-12,WOODLANDS,528888
2021-12,WOODLANDS,530000
2021-12,WOODLANDS,540000
2021-12,WOODLANDS,555000
2021-12,WOODLANDS,558888
2021-12,YISHUN,440000
2021-12,YISHUN,445000
2021-12,YISHUN,450000
2021-12,YISHUN,450000
2021-12,YISHUN,450000
2021-12,YISHUN,455000
2021-12,YISHUN,455000
2021-12,YISHUN,457888
2021-12,YISHUN,460000
2021-12,YISHUN,465000
2021-12,YISHUN,468000
2021-12,YISHUN,470000
2021-12,YISHUN,472000
2021-12,YISHUN,478000
2021-12,YISHUN,480000
2021-12,YISHUN,483000
2021-12,YISHUN,488000
2021-12,YISHUN,490000
2021-12,YISHUN,490000
2021-12,YISHUN,490000
2021-12,YISHUN,493888
2021-12,YISHUN,495000
2021-12,YISHUN,495000
2021-12,YISHUN,500000
2021-12,YISHUN,500500
2021-12,YISHUN,500888
2021-12,YISHUN,503000
2021-12,YISHUN,508000
2021-12,YISHUN,510000
2021-12,YISHUN,510000
2021-12,YISHUN,515000
2021-12,YISHUN,515000
2021-12,YISHUN,520000
2021-12,YISHUN,525000
2021-12,YISHUN,525000
2021-12,YISHUN,550000
2021-12,YISHUN,610000
2021-12,YISHUN,615000
2021-12,YISHUN,618000
2021-12,YISHUN,633000
2021-12,YISHUN,635000
2022-01,SEMBAWANG,555000
2022-01,SEMBAWANG,580000
2022-01,SEMBAWANG,550000
2022-01,SEMBAWANG,540000
2022-01,SEMBAWANG,540000
2022-02,SEMBAWANG,570000
2022-02,SEMBAWANG,568000
2022-03,SEMBAWANG,590000
2022-04,SEMBAWANG,595000
2022-04,SEMBAWANG,615000
2022-05,SEMBAWANG,625000
2022-05,SEMBAWANG,600000
2022-06,SEMBAWANG,510000
2022-07,SEMBAWANG,585000
2022-07,SEMBAWANG,580000
2022-07,SEMBAWANG,550000
2022-08,SEMBAWANG,558000
2022-08,SEMBAWANG,575000
2022-09,SEMBAWANG,613000
2022-09,SEMBAWANG,585000
2022-09,SEMBAWANG,580888
2022-09,SEMBAWANG,560000
2022-09,SEMBAWANG,595000
2022-10,SEMBAWANG,618000
2022-10,SEMBAWANG,605000
2022-11,SEMBAWANG,570000
2022-11,SEMBAWANG,585000
2022-12,SEMBAWANG,538000
2022-12,SEMBAWANG,590000
2022-12,SEMBAWANG,625000
2022-12,SEMBAWANG,590000
2022-12,SEMBAWANG,585000
2022-12,SEMBAWANG,595000
2022-12,SEMBAWANG,610000
2022-12,SEMBAWANG,590000
2022-01,SEMBAWANG,516000
2022-01,SEMBAWANG,490000
2022-02,SEMBAWANG,565000
2022-02,SEMBAWANG,555000
2022-03,SEMBAWANG,530000
2022-03,SEMBAWANG,488000
2022-03,SEMBAWANG,550000
2022-03,SEMBAWANG,510000
2022-03,SEMBAWANG,538000
2022-03,SEMBAWANG,527000
2022-04,SEMBAWANG,580000
2022-04,SEMBAWANG,565000
2022-04,SEMBAWANG,515000
2022-04,SEMBAWANG,558000
2022-04,SEMBAWANG,560000
2022-05,SEMBAWANG,558000
2022-05,SEMBAWANG,550000
2022-05,SEMBAWANG,604000
2022-05,SEMBAWANG,575888
2022-05,SEMBAWANG,595588
2022-05,SEMBAWANG,570000
2022-05,SEMBAWANG,595888
2022-06,SEMBAWANG,535000
2022-06,SEMBAWANG,555000
2022-07,SEMBAWANG,610000
2022-07,SEMBAWANG,515000
2022-07,SEMBAWANG,550000
2022-07,SEMBAWANG,570000
2022-07,SEMBAWANG,568000
2022-07,SEMBAWANG,580000
2022-07,SEMBAWANG,560000
2022-07,SEMBAWANG,550000
2022-08,SEMBAWANG,571000
2022-09,SEMBAWANG,535000
2022-09,SEMBAWANG,590000
2022-09,SEMBAWANG,568888
2022-09,SEMBAWANG,610000
2022-09,SEMBAWANG,570000
2022-09,SEMBAWANG,600000
2022-09,SEMBAWANG,595000
2022-10,SEMBAWANG,580000
2022-10,SEMBAWANG,600000
2022-10,SEMBAWANG,550000
2022-10,SEMBAWANG,608000
2022-10,SEMBAWANG,555000
2022-10,SEMBAWANG,560000
2022-10,SEMBAWANG,552000
2022-10,SEMBAWANG,550000
2022-10,SEMBAWANG,610000
2022-10,SEMBAWANG,580000
2022-11,SEMBAWANG,575888
2022-11,SEMBAWANG,548888
2022-11,SEMBAWANG,580000
2022-11,SEMBAWANG,600000
2022-11,SEMBAWANG,575000
2022-12,SEMBAWANG,585000
2022-12,SEMBAWANG,565000
2022-12,SEMBAWANG,565000
2022-12,SEMBAWANG,530000
2022-12,SEMBAWANG,485000
2022-12,SEMBAWANG,575000
2022-12,SEMBAWANG,620000
2022-12,SEMBAWANG,590000
2022-12,SEMBAWANG,530000
2022-12,SEMBAWANG,492000
2022-12,SEMBAWANG,570000
2022-08,SEMBAWANG,550000
2022-08,SEMBAWANG,585000
2022-09,SEMBAWANG,590000
2022-09,SEMBAWANG,588000
2022-09,SEMBAWANG,600000
2022-09,SEMBAWANG,510000
2022-09,SEMBAWANG,575000
2022-09,SEMBAWANG,580000
2022-09,SEMBAWANG,580000
2022-10,SEMBAWANG,570000
2022-10,SEMBAWANG,535000
2022-10,SEMBAWANG,560000
2022-10,SEMBAWANG,638000
2022-10,SEMBAWANG,588888
2022-10,SEMBAWANG,575000
2022-11,SEMBAWANG,585000
2022-11,SEMBAWANG,540000
2022-11,SEMBAWANG,598000
2022-11,SEMBAWANG,593888
2022-11,SEMBAWANG,600000
2022-11,SEMBAWANG,568000
2022-11,SEMBAWANG,585000
2022-11,SEMBAWANG,611888
2022-11,SEMBAWANG,620000
2022-11,SEMBAWANG,538000
2022-12,SEMBAWANG,540000
2022-12,SEMBAWANG,593000
2022-12,SEMBAWANG,590000
2022-12,SEMBAWANG,578000
2022-12,SEMBAWANG,585000
2022-12,SEMBAWANG,570000
2022-12,SEMBAWANG,585000
2022-12,SEMBAWANG,555000
2022-12,SEMBAWANG,570000
2022-01,SEMBAWANG,495000
2022-01,SEMBAWANG,510000
2022-02,SEMBAWANG,507000
2022-02,SEMBAWANG,515000
2022-02,SEMBAWANG,500000
2022-02,SEMBAWANG,480000
2022-02,SEMBAWANG,502000
2022-03,SEMBAWANG,505000
2022-03,SEMBAWANG,520000
2022-04,SEMBAWANG,490000
2022-04,SEMBAWANG,505000
2022-05,SEMBAWANG,513500
2022-05,SEMBAWANG,530000
2022-06,SEMBAWANG,530000
2022-07,SEMBAWANG,527000
2022-07,SEMBAWANG,550000
2022-08,SEMBAWANG,530000
2022-08,SEMBAWANG,520000
2022-08,SEMBAWANG,540000
2022-09,SEMBAWANG,525000
2022-11,SEMBAWANG,538000
2022-11,SEMBAWANG,520000
2022-11,SEMBAWANG,535000
2022-11,SEMBAWANG,535000
2022-11,SEMBAWANG,542000
2022-12,SEMBAWANG,530000
2022-12,SEMBAWANG,490000
2022-12,SEMBAWANG,530000
2022-01,SEMBAWANG,450000
2022-01,SEMBAWANG,485000
2022-03,SEMBAWANG,498000
2022-03,SEMBAWANG,505000
2022-06,SEMBAWANG,488000
2022-11,SEMBAWANG,526000
2022-12,SEMBAWANG,505000
2022-01,WOODLANDS,538000
2022-01,WOODLANDS,460000
2022-01,WOODLANDS,475000
2022-02,WOODLANDS,435000
2022-02,WOODLANDS,430000
2022-02,WOODLANDS,550000
2022-03,WOODLANDS,525000
2022-04,WOODLANDS,485000
2022-05,WOODLANDS,548000
2022-05,WOODLANDS,450000
2022-06,WOODLANDS,508500
2022-07,WOODLANDS,455000
2022-03,WOODLANDS,477000
2022-03,WOODLANDS,490000
2022-04,WOODLANDS,458000
2022-07,WOODLANDS,500000
2022-12,WOODLANDS,518000
2022-08,WOODLANDS,540000
2022-09,WOODLANDS,560000
2022-09,WOODLANDS,578000
2022-10,WOODLANDS,550000
2022-10,WOODLANDS,568000
2022-11,WOODLANDS,550000
2022-11,WOODLANDS,538888
2022-11,WOODLANDS,545000
2022-11,WOODLANDS,595800
2022-12,WOODLANDS,545000
2022-12,WOODLANDS,547000
2022-12,WOODLANDS,580000
2022-12,WOODLANDS,605000
2022-12,WOODLANDS,590888
2022-01,WOODLANDS,461000
2022-01,WOODLANDS,455000
2022-01,WOODLANDS,505000
2022-01,WOODLANDS,470000
2022-01,WOODLANDS,462000
2022-02,WOODLANDS,480000
2022-02,WOODLANDS,455000
2022-02,WOODLANDS,488000
2022-03,WOODLANDS,495000
2022-03,WOODLANDS,450000
2022-04,WOODLANDS,465000
2022-04,WOODLANDS,466000
2022-04,WOODLANDS,495000
2022-05,WOODLANDS,495000
2022-05,WOODLANDS,510000
2022-06,WOODLANDS,410000
2022-06,WOODLANDS,498000
2022-06,WOODLANDS,450000
2022-07,WOODLANDS,485000
2022-08,WOODLANDS,465000
2022-08,WOODLANDS,490000
2022-08,WOODLANDS,468000
2022-08,WOODLANDS,508000
2022-08,WOODLANDS,470000
2022-08,WOODLANDS,500000
2022-08,WOODLANDS,495000
2022-09,WOODLANDS,506888
2022-09,WOODLANDS,490000
2022-09,WOODLANDS,460000
2022-09,WOODLANDS,470000
2022-09,WOODLANDS,500000
2022-10,WOODLANDS,520000
2022-10,WOODLANDS,465000
2022-10,WOODLANDS,500000
2022-10,WOODLANDS,520000
2022-12,WOODLANDS,524000
2022-12,WOODLANDS,520000
2022-06,WOODLANDS,555000
2022-07,WOODLANDS,580000
2022-08,WOODLANDS,565000
2022-08,WOODLANDS,500000
2022-08,WOODLANDS,535000
2022-08,WOODLANDS,520000
2022-08,WOODLANDS,565000
2022-08,WOODLANDS,540000
2022-08,WOODLANDS,525000
2022-09,WOODLANDS,530000
2022-09,WOODLANDS,588888
2022-09,WOODLANDS,573000
2022-09,WOODLANDS,576000
2022-09,WOODLANDS,505000
2022-09,WOODLANDS,564000
2022-09,WOODLANDS,540000
2022-09,WOODLANDS,560000
2022-09,WOODLANDS,525000
2022-09,WOODLANDS,555000
2022-09,WOODLANDS,530000
2022-09,WOODLANDS,538880
2022-09,WOODLANDS,543000
2022-10,WOODLANDS,520000
2022-10,WOODLANDS,600000
2022-10,WOODLANDS,570000
2022-10,WOODLANDS,586888
2022-10,WOODLANDS,520000
2022-10,WOODLANDS,575000
2022-10,WOODLANDS,588888
2022-10,WOODLANDS,540000
2022-10,WOODLANDS,518000
2022-10,WOODLANDS,570000
2022-11,WOODLANDS,550000
2022-11,WOODLANDS,547000
2022-11,WOODLANDS,595000
2022-11,WOODLANDS,570000
2022-11,WOODLANDS,555000
2022-11,WOODLANDS,550000
2022-11,WOODLANDS,525000
2022-11,WOODLANDS,525000
2022-12,WOODLANDS,550000
2022-12,WOODLANDS,550000
2022-12,WOODLANDS,576888
2022-12,WOODLANDS,530000
2022-12,WOODLANDS,570000
2022-12,WOODLANDS,550000
2022-12,WOODLANDS,538000
2022-01,WOODLANDS,560000
2022-01,WOODLANDS,536000
2022-01,WOODLANDS,540000
2022-01,WOODLANDS,538000
2022-02,WOODLANDS,510000
2022-02,WOODLANDS,545000
2022-02,WOODLANDS,589988
2022-02,WOODLANDS,568888
2022-02,WOODLANDS,525000
2022-02,WOODLANDS,565000
2022-02,WOODLANDS,510000
2022-02,WOODLANDS,565000
2022-03,WOODLANDS,538000
2022-03,WOODLANDS,550088
2022-03,WOODLANDS,545000
2022-04,WOODLANDS,502000
2022-04,WOODLANDS,520000
2022-05,WOODLANDS,515000
2022-05,WOODLANDS,545000
2022-05,WOODLANDS,588000
2022-05,WOODLANDS,530000
2022-06,WOODLANDS,570000
2022-06,WOODLANDS,585000
2022-07,WOODLANDS,520000
2022-07,WOODLANDS,530000
2022-07,WOODLANDS,520000
2022-07,WOODLANDS,570000
2022-08,WOODLANDS,540000
2022-08,WOODLANDS,538000
2022-08,WOODLANDS,555000
2022-08,WOODLANDS,535000
2022-08,WOODLANDS,552000
2022-09,WOODLANDS,515000
2022-09,WOODLANDS,565000
2022-10,WOODLANDS,535000
2022-10,WOODLANDS,525000
2022-10,WOODLANDS,525000
2022-11,WOODLANDS,562000
2022-11,WOODLANDS,540888
2022-11,WOODLANDS,580000
2022-11,WOODLANDS,585000
2022-11,WOODLANDS,560000
2022-11,WOODLANDS,535000
2022-11,WOODLANDS,558000
2022-12,WOODLANDS,532000
2022-12,WOODLANDS,540000
2022-12,WOODLANDS,600000
2022-12,WOODLANDS,520000
2022-12,WOODLANDS,562888
2022-12,WOODLANDS,593000
2022-12,WOODLANDS,568000
2022-10,WOODLANDS,535000
2022-10,WOODLANDS,580000
2022-10,WOODLANDS,588888
2022-11,WOODLANDS,545000
2022-11,WOODLANDS,540000
2022-11,WOODLANDS,576000
2022-12,WOODLANDS,520000
2022-12,WOODLANDS,575000
2022-12,WOODLANDS,540000
2022-12,WOODLANDS,586800
2022-01,WOODLANDS,546500
2022-01,WOODLANDS,525000
2022-01,WOODLANDS,520000
2022-03,WOODLANDS,548000
2022-03,WOODLANDS,610000
2022-06,WOODLANDS,555000
2022-07,WOODLANDS,512000
2022-07,WOODLANDS,520000
2022-07,WOODLANDS,590000
2022-08,WOODLANDS,571000
2022-08,WOODLANDS,555000
2022-09,WOODLANDS,528000
2022-09,WOODLANDS,587000
2022-09,WOODLANDS,538000
2022-09,WOODLANDS,535000
2022-10,WOODLANDS,568888
2022-10,WOODLANDS,527000
2022-11,WOODLANDS,575000
2022-11,WOODLANDS,543888
2022-11,WOODLANDS,550888
2022-12,WOODLANDS,528000
2022-12,WOODLANDS,515888
2022-04,WOODLANDS,490000
2022-06,WOODLANDS,515000
2022-06,WOODLANDS,495000
2022-06,WOODLANDS,520000
2022-06,WOODLANDS,495000
2022-06,WOODLANDS,531000
2022-06,WOODLANDS,520000
2022-06,WOODLANDS,518000
2022-07,WOODLANDS,527000
2022-07,WOODLANDS,536000
2022-07,WOODLANDS,495000
2022-07,WOODLANDS,500000
2022-08,WOODLANDS,538000
2022-08,WOODLANDS,535000
2022-08,WOODLANDS,520000
2022-09,WOODLANDS,510000
2022-09,WOODLANDS,500000
2022-09,WOODLANDS,515000
2022-09,WOODLANDS,510000
2022-09,WOODLANDS,510000
2022-09,WOODLANDS,520000
2022-09,WOODLANDS,500888
2022-09,WOODLANDS,540000
2022-10,WOODLANDS,525000
2022-10,WOODLANDS,530000
2022-10,WOODLANDS,530000
2022-10,WOODLANDS,535000
2022-10,WOODLANDS,520000
2022-10,WOODLANDS,550888
2022-10,WOODLANDS,505000
2022-10,WOODLANDS,540000
2022-10,WOODLANDS,530000
2022-10,WOODLANDS,545000
2022-10,WOODLANDS,535000
2022-10,WOODLANDS,538000
2022-10,WOODLANDS,540000
2022-10,WOODLANDS,534000
2022-11,WOODLANDS,535000
2022-11,WOODLANDS,535000
2022-11,WOODLANDS,535000
2022-11,WOODLANDS,533000
2022-11,WOODLANDS,530000
2022-11,WOODLANDS,508000
2022-11,WOODLANDS,535000
2022-12,WOODLANDS,540000
2022-12,WOODLANDS,525000
2022-12,WOODLANDS,520000
2022-12,WOODLANDS,543000
2022-12,WOODLANDS,550000
2022-12,WOODLANDS,508000
2022-12,WOODLANDS,538000
2022-12,WOODLANDS,490000
2022-12,WOODLANDS,510000
2022-01,YISHUN,490000
2022-04,YISHUN,500000
2022-05,YISHUN,445000
2022-07,YISHUN,525000
2022-07,YISHUN,492000
2022-09,YISHUN,490000
2022-09,YISHUN,515000
2022-09,YISHUN,508888
2022-09,YISHUN,510000
2022-10,YISHUN,520000
2022-11,YISHUN,496888
2022-01,YISHUN,628000
2022-01,YISHUN,465000
2022-01,YISHUN,640000
2022-01,YISHUN,470000
2022-01,YISHUN,488000
2022-01,YISHUN,455000
2022-02,YISHUN,450000
2022-02,YISHUN,500000
2022-02,YISHUN,466000
2022-02,YISHUN,450000
2022-02,YISHUN,445000
2022-03,YISHUN,460000
2022-03,YISHUN,480000
2022-03,YISHUN,635000
2022-03,YISHUN,460000
2022-03,YISHUN,450000
2022-04,YISHUN,486888
2022-04,YISHUN,560000
2022-04,YISHUN,655000
2022-04,YISHUN,455000
2022-04,YISHUN,625000
2022-05,YISHUN,460000
2022-05,YISHUN,463000
2022-05,YISHUN,495000
2022-05,YISHUN,468888
2022-05,YISHUN,515000
2022-06,YISHUN,450000
2022-06,YISHUN,450000
2022-07,YISHUN,615000
2022-07,YISHUN,460000
2022-07,YISHUN,498000
2022-07,YISHUN,480000
2022-08,YISHUN,668000
2022-08,YISHUN,628000
2022-08,YISHUN,480000
2022-08,YISHUN,488888
2022-09,YISHUN,510000
2022-09,YISHUN,490000
2022-09,YISHUN,518000
2022-09,YISHUN,475000
2022-09,YISHUN,500000
2022-10,YISHUN,472000
2022-10,YISHUN,668000
2022-10,YISHUN,668000
2022-10,YISHUN,490000
2022-11,YISHUN,490000
2022-12,YISHUN,490000
2022-12,YISHUN,510000
2022-01,YISHUN,505000
2022-01,YISHUN,500000
2022-01,YISHUN,550000
2022-01,YISHUN,527000
2022-01,YISHUN,510000
2022-01,YISHUN,530000
2022-02,YISHUN,530000
2022-02,YISHUN,490000
2022-02,YISHUN,525000
2022-02,YISHUN,510000
2022-02,YISHUN,498888
2022-02,YISHUN,496000
2022-02,YISHUN,473000
2022-02,YISHUN,538000
2022-03,YISHUN,529000
2022-03,YISHUN,538000
2022-03,YISHUN,525888
2022-03,YISHUN,522888
2022-03,YISHUN,528000
2022-03,YISHUN,536000
2022-03,YISHUN,538000
2022-03,YISHUN,522000
2022-03,YISHUN,540000
2022-03,YISHUN,555000
2022-04,YISHUN,520000
2022-04,YISHUN,488000
2022-04,YISHUN,525000
2022-04,YISHUN,480000
2022-04,YISHUN,490000
2022-04,YISHUN,485000
2022-04,YISHUN,530000
2022-04,YISHUN,535000
2022-04,YISHUN,470000
2022-05,YISHUN,535000
2022-05,YISHUN,530000
2022-05,YISHUN,510000
2022-05,YISHUN,542000
2022-05,YISHUN,510000
2022-05,YISHUN,548000
2022-05,YISHUN,538000
2022-05,YISHUN,550000
2022-05,YISHUN,510000
2022-05,YISHUN,568000
2022-06,YISHUN,478000
2022-06,YISHUN,540000
2022-06,YISHUN,540000
2022-06,YISHUN,520000
2022-06,YISHUN,510000
2022-06,YISHUN,590000
2022-07,YISHUN,530000
2022-07,YISHUN,545000
2022-07,YISHUN,537000
2022-07,YISHUN,565000
2022-07,YISHUN,565000
2022-07,YISHUN,555000
2022-07,YISHUN,520000
2022-07,YISHUN,505000
2022-08,YISHUN,540000
2022-08,YISHUN,555888
2022-08,YISHUN,505000
2022-08,YISHUN,450000
2022-08,YISHUN,500000
2022-08,YISHUN,520000
2022-08,YISHUN,523000
2022-09,YISHUN,558000
2022-09,YISHUN,578000
2022-09,YISHUN,538000
2022-09,YISHUN,515000
2022-09,YISHUN,540000
2022-09,YISHUN,550000
2022-09,YISHUN,520000
2022-09,YISHUN,500000
2022-10,YISHUN,558000
2022-10,YISHUN,540000
2022-10,YISHUN,540000
2022-10,YISHUN,565000
2022-10,YISHUN,565000
2022-10,YISHUN,505000
2022-10,YISHUN,524000
2022-10,YISHUN,545000
2022-10,YISHUN,530000
2022-10,YISHUN,574000
2022-11,YISHUN,540000
2022-11,YISHUN,545000
2022-11,YISHUN,500000
2022-11,YISHUN,530000
2022-11,YISHUN,508000
2022-11,YISHUN,530000
2022-11,YISHUN,555000
2022-12,YISHUN,560000
2022-01,YISHUN,470000
2022-01,YISHUN,510000
2022-01,YISHUN,495000
2022-02,YISHUN,478000
2022-02,YISHUN,506000
2022-03,YISHUN,532000
2022-04,YISHUN,518888
2022-04,YISHUN,500000
2022-04,YISHUN,510000
2022-04,YISHUN,488000
2022-04,YISHUN,510000
2022-05,YISHUN,520888
2022-05,YISHUN,505000
2022-05,YISHUN,525000
2022-06,YISHUN,518000
2022-06,YISHUN,495000
2022-07,YISHUN,512000
2022-07,YISHUN,536500
2022-07,YISHUN,532000
2022-07,YISHUN,495000
2022-08,YISHUN,535000
2022-08,YISHUN,530000
2022-08,YISHUN,490000
2022-08,YISHUN,545000
2022-08,YISHUN,503888
2022-09,YISHUN,540000
2022-09,YISHUN,500000
2022-10,YISHUN,520000
2022-10,YISHUN,560000
2022-11,YISHUN,565000
2022-11,YISHUN,498000
2022-12,YISHUN,520000
2022-12,YISHUN,525000
2022-12,YISHUN,485000
2022-01,YISHUN,520000
2022-06,YISHUN,490000
2022-08,YISHUN,560000
2022-09,YISHUN,540000
2022-09,YISHUN,600000
2022-10,YISHUN,600000
2022-11,YISHUN,515000
2022-11,YISHUN,550000
2022-11,YISHUN,580000
2022-11,YISHUN,615000
2022-11,YISHUN,570000
2022-11,YISHUN,505000
2022-12,YISHUN,545000
2022-12,YISHUN,540000
2022-12,YISHUN,560000
2022-12,YISHUN,525000
2022-12,YISHUN,548000
2022-01,YISHUN,480000
2022-01,YISHUN,500000
2022-01,YISHUN,470000
2022-01,YISHUN,485000
2022-02,YISHUN,458000
2022-03,YISHUN,495000
2022-03,YISHUN,488888
2022-03,YISHUN,507000
2022-03,YISHUN,482000
2022-03,YISHUN,510000
2022-04,YISHUN,518000
2022-05,YISHUN,470000
2022-05,YISHUN,510000
2022-05,YISHUN,480000
2022-06,YISHUN,488000
2022-06,YISHUN,502000
2022-06,YISHUN,470000
2022-06,YISHUN,500000
2022-08,YISHUN,508888
2022-08,YISHUN,510000
2022-08,YISHUN,500000
2022-08,YISHUN,500000
2022-09,YISHUN,520000
2022-09,YISHUN,515000
2022-09,YISHUN,495000
2022-09,YISHUN,518000
2022-09,YISHUN,459000
2022-09,YISHUN,535888
2022-09,YISHUN,498000
2022-10,YISHUN,525000
2022-11,YISHUN,530000
2022-11,YISHUN,515000
2022-11,YISHUN,468888
2022-12,YISHUN,510000
2022-12,YISHUN,515000
2022-02,YISHUN,446000
2022-04,YISHUN,465000
2022-05,YISHUN,493000
2022-07,YISHUN,485000
2022-08,YISHUN,536888
2022-09,YISHUN,510000
2022-09,YISHUN,468000
2022-01,YISHUN,470000
2022-01,YISHUN,535000
2022-01,YISHUN,475000
2022-01,YISHUN,500000
2022-01,YISHUN,530000
2022-02,YISHUN,520000
2022-02,YISHUN,515000
2022-02,YISHUN,450000
2022-02,YISHUN,480000
2022-02,YISHUN,545000
2022-03,YISHUN,535000
2022-03,YISHUN,510000
2022-03,YISHUN,490000
2022-03,YISHUN,498000
2022-03,YISHUN,498000
2022-03,YISHUN,488000
2022-03,YISHUN,550000
2022-03,YISHUN,495000
2022-03,YISHUN,525500
2022-04,YISHUN,498000
2022-04,YISHUN,550000
2022-04,YISHUN,520000
2022-04,YISHUN,475000
2022-04,YISHUN,535000
2022-04,YISHUN,518000
2022-04,YISHUN,510000
2022-04,YISHUN,486000
2022-04,YISHUN,530000
2022-04,YISHUN,540000
2022-04,YISHUN,520000
2022-05,YISHUN,540000
2022-05,YISHUN,520000
2022-05,YISHUN,478000
2022-05,YISHUN,515000
2022-05,YISHUN,500000
2022-05,YISHUN,525000
2022-06,YISHUN,520000
2022-06,YISHUN,538000
2022-06,YISHUN,462000
2022-06,YISHUN,485000
2022-06,YISHUN,538000
2022-06,YISHUN,445800
2022-06,YISHUN,555000
2022-06,YISHUN,525000
2022-06,YISHUN,545000
2022-06,YISHUN,538000
2022-07,YISHUN,528000
2022-07,YISHUN,488000
2022-07,YISHUN,562000
2022-07,YISHUN,510000
2022-07,YISHUN,545000
2022-07,YISHUN,455000
2022-07,YISHUN,545000
2022-07,YISHUN,552800
2022-07,YISHUN,533000
2022-07,YISHUN,520000
2022-08,YISHUN,548800
2022-08,YISHUN,522000
2022-08,YISHUN,445000
2022-08,YISHUN,510000
2022-08,YISHUN,525000
2022-08,YISHUN,513000
2022-08,YISHUN,540000
2022-08,YISHUN,537000
2022-08,YISHUN,500000
2022-08,YISHUN,502888
2022-08,YISHUN,515000
2022-08,YISHUN,546000
2022-08,YISHUN,550000
2022-09,YISHUN,510888
2022-09,YISHUN,538000
2022-09,YISHUN,565000
2022-09,YISHUN,560000
2022-09,YISHUN,553000
2022-09,YISHUN,532000
2022-09,YISHUN,508000
2022-09,YISHUN,535000
2022-09,YISHUN,510000
2022-09,YISHUN,538000
2022-10,YISHUN,555000
2022-10,YISHUN,500000
2022-10,YISHUN,555000
2022-10,YISHUN,470000
2022-10,YISHUN,456000
2022-10,YISHUN,555000
2022-11,YISHUN,570000
2022-11,YISHUN,535000
2022-11,YISHUN,558000
2022-11,YISHUN,550000
2022-12,YISHUN,540000
2022-12,YISHUN,530000
2023-01,SEMBAWANG,620000
2023-01,SEMBAWANG,615800
2023-01,SEMBAWANG,620000
2023-01,SEMBAWANG,613000
2023-01,SEMBAWANG,595000
2023-02,SEMBAWANG,609000
2023-02,SEMBAWANG,600000
2023-03,SEMBAWANG,551000
2023-01,SEMBAWANG,565000
2023-01,SEMBAWANG,490000
2023-01,SEMBAWANG,512000
2023-01,SEMBAWANG,612000
2023-01,SEMBAWANG,505000
2023-01,SEMBAWANG,600000
2023-02,SEMBAWANG,588000
2023-02,SEMBAWANG,568000
2023-02,SEMBAWANG,580000
2023-02,SEMBAWANG,535000
2023-02,SEMBAWANG,605000
2023-02,SEMBAWANG,565000
2023-01,SEMBAWANG,591000
2023-01,SEMBAWANG,590000
2023-01,SEMBAWANG,600000
2023-01,SEMBAWANG,600000
2023-01,SEMBAWANG,598000
2023-02,SEMBAWANG,600000
2023-02,SEMBAWANG,565000
2023-02,SEMBAWANG,620000
2023-02,SEMBAWANG,550000
2023-02,SEMBAWANG,585000
2023-02,SEMBAWANG,585000
2023-03,SEMBAWANG,605000
2023-01,SEMBAWANG,510000
2023-02,SEMBAWANG,495000
2023-03,SEMBAWANG,520000
2023-01,WOODLANDS,570000
2023-02,WOODLANDS,533000
2023-02,WOODLANDS,545000
2023-02,WOODLANDS,490000
2023-01,WOODLANDS,480000
2023-01,WOODLANDS,505000
2023-02,WOODLANDS,520000
2023-01,WOODLANDS,565000
2023-01,WOODLANDS,544000
2023-01,WOODLANDS,558744
2023-01,WOODLANDS,550000
2023-01,WOODLANDS,500000
2023-01,WOODLANDS,570000
2023-01,WOODLANDS,596000
2023-01,WOODLANDS,522000
2023-01,WOODLANDS,582000
2023-01,WOODLANDS,570000
2023-01,WOODLANDS,585000
2023-01,WOODLANDS,545000
2023-01,WOODLANDS,550000
2023-02,WOODLANDS,565000
2023-02,WOODLANDS,553000
2023-03,WOODLANDS,543000
2023-01,WOODLANDS,590000
2023-01,WOODLANDS,510000
2023-01,WOODLANDS,596000
2023-02,WOODLANDS,588888
2023-02,WOODLANDS,560000
2023-02,WOODLANDS,558000
2023-02,WOODLANDS,565000
2023-03,WOODLANDS,520000
2023-01,WOODLANDS,555000
2023-01,WOODLANDS,520000
2023-01,WOODLANDS,565000
2023-01,WOODLANDS,518888
2023-01,WOODLANDS,550000
2023-02,WOODLANDS,582000
2023-02,WOODLANDS,545000
2023-02,WOODLANDS,530000
2023-02,WOODLANDS,560000
2023-02,WOODLANDS,555000
2023-01,WOODLANDS,548000
2023-01,WOODLANDS,530000
2023-01,WOODLANDS,525000
2023-01,WOODLANDS,600000
2023-03,WOODLANDS,570000
2023-01,WOODLANDS,540000
2023-01,WOODLANDS,510000
2023-01,WOODLANDS,530000
2023-01,WOODLANDS,533000
2023-01,WOODLANDS,520000
2023-01,WOODLANDS,515000
2023-02,WOODLANDS,480000
2023-02,WOODLANDS,532000
2023-02,WOODLANDS,535000
2023-02,WOODLANDS,540000
2023-02,WOODLANDS,540000
2023-01,YISHUN,502888
2023-02,YISHUN,515000
2023-01,YISHUN,523000
2023-01,YISHUN,530000
2023-02,YISHUN,506000
2023-01,YISHUN,580000
2023-01,YISHUN,540000
2023-01,YISHUN,566000
2023-01,YISHUN,520000
2023-01,YISHUN,580000
2023-01,YISHUN,508000
2023-01,YISHUN,520000
2023-02,YISHUN,600000
2023-02,YISHUN,536000
2023-02,YISHUN,585000
2023-02,YISHUN,565000
2023-02,YISHUN,540000
2023-02,YISHUN,500000
2023-02,YISHUN,545000
2023-02,YISHUN,580000
2023-02,YISHUN,510000
2023-02,YISHUN,560000
2023-02,YISHUN,568000
2023-01,YISHUN,540000
2023-01,YISHUN,545000
2023-01,YISHUN,530888
2023-01,YISHUN,570000
2023-02,YISHUN,540000
2023-02,YISHUN,508000
2023-02,YISHUN,512000
2023-03,YISHUN,535000
2023-01,YISHUN,540000
2023-01,YISHUN,560888
2023-01,YISHUN,530000
2023-01,YISHUN,590000
2023-01,YISHUN,530000
2023-01,YISHUN,550000
2023-01,YISHUN,500000
2023-02,YISHUN,600000
2023-02,YISHUN,586000
2023-02,YISHUN,560000
2023-03,YISHUN,543800
2023-01,YISHUN,475000
2023-01,YISHUN,526000
2023-01,YISHUN,505000
2023-01,YISHUN,525000
2023-01,YISHUN,550000
2023-01,YISHUN,484000
2023-02,YISHUN,510000
2023-02,YISHUN,545000
2023-02,YISHUN,552500
2023-02,YISHUN,522000
2023-02,YISHUN,525000
2023-03,YISHUN,550000
